<?xml version="1.0" encoding="utf-8"?>
<COLLADA xmlns="http://www.collada.org/2005/11/COLLADASchema" version="1.4.1" xmlns:xsi="http://www.w3.org/2001/XMLSchema-instance">
  <asset>
    <contributor>
      <author>Blender User</author>
      <authoring_tool>Blender 3.0.1</authoring_tool>
    </contributor>
    <created>2026-03-24T12:33:34</created>
    <modified>2026-03-24T12:33:34</modified>
    <unit name="meter" meter="1"/>
    <up_axis>Z_UP</up_axis>
  </asset>
  <library_cameras>
    <camera id="Camera-camera" name="Camera">
      <optics>
        <technique_common>
          <perspective>
            <xfov sid="xfov">39.59775</xfov>
            <aspect_ratio>1.777778</aspect_ratio>
            <znear sid="znear">0.1</znear>
            <zfar sid="zfar">100</zfar>
          </perspective>
        </technique_common>
      </optics>
      <extra>
        <technique profile="blender">
          <shiftx sid="shiftx" type="float">0</shiftx>
          <shifty sid="shifty" type="float">0</shifty>
          <dof_distance sid="dof_distance" type="float">10</dof_distance>
        </technique>
      </extra>
    </camera>
  </library_cameras>
  <library_lights>
    <light id="Light-light" name="Light">
      <technique_common>
        <point>
          <color sid="color">1000 1000 1000</color>
          <constant_attenuation>1</constant_attenuation>
          <linear_attenuation>0</linear_attenuation>
          <quadratic_attenuation>0.00111109</quadratic_attenuation>
        </point>
      </technique_common>
      <extra>
        <technique profile="blender">
          <type sid="type" type="int">0</type>
          <flag sid="flag" type="int">0</flag>
          <mode sid="mode" type="int">1</mode>
          <gamma sid="blender_gamma" type="float">1</gamma>
          <red sid="red" type="float">1</red>
          <green sid="green" type="float">1</green>
          <blue sid="blue" type="float">1</blue>
          <shadow_r sid="blender_shadow_r" type="float">0</shadow_r>
          <shadow_g sid="blender_shadow_g" type="float">0</shadow_g>
          <shadow_b sid="blender_shadow_b" type="float">0</shadow_b>
          <energy sid="blender_energy" type="float">1000</energy>
          <dist sid="blender_dist" type="float">29.99998</dist>
          <spotsize sid="spotsize" type="float">75</spotsize>
          <spotblend sid="spotblend" type="float">0.15</spotblend>
          <att1 sid="att1" type="float">0</att1>
          <att2 sid="att2" type="float">1</att2>
          <falloff_type sid="falloff_type" type="int">2</falloff_type>
          <clipsta sid="clipsta" type="float">0.04999995</clipsta>
          <clipend sid="clipend" type="float">30.002</clipend>
          <bias sid="bias" type="float">1</bias>
          <soft sid="soft" type="float">3</soft>
          <bufsize sid="bufsize" type="int">2880</bufsize>
          <samp sid="samp" type="int">3</samp>
          <buffers sid="buffers" type="int">1</buffers>
          <area_shape sid="area_shape" type="int">1</area_shape>
          <area_size sid="area_size" type="float">0.1</area_size>
          <area_sizey sid="area_sizey" type="float">0.1</area_sizey>
          <area_sizez sid="area_sizez" type="float">1</area_sizez>
        </technique>
      </extra>
    </light>
  </library_lights>
  <library_images/>
  <library_geometries>
    <geometry id="apex_v3_1-mesh" name="apex_v3_1">
      <mesh>
        <source id="apex_v3_1-mesh-positions">
          <float_array id="apex_v3_1-mesh-positions-array" count="5295">-0.7568686 -0.2301937 49.47326 -0.6071246 -0.1796893 49.69067 -0.7895358 0.007473289 49.47326 -0.6317647 0.007473289 49.69067 -0.6071246 0.1946359 49.69067 -0.4218094 0.007473289 49.85827 -0.4043229 0.1402955 49.85827 -0.1748211 0.007473289 49.96392 -0.1657507 0.07637029 49.96392 0.09137606 0.007473289 49.99999 -0.5348818 -0.3540973 49.69067 -0.6612923 -0.4502344 49.47326 -0.4199612 -0.5038647 49.69067 -0.5098927 -0.6363289 49.47326 -0.2701943 -0.6187853 49.69067 -0.3139002 -0.7746753 49.47326 -0.09578633 -0.6910274 49.69067 -0.0878508 -0.8550136 49.47326 0.09137606 -0.7156679 49.69067 0.1514918 -0.871385 49.47326 0.2785394 -0.6910274 49.69067 0.3863762 -0.8225755 49.47326 0.4529474 -0.6187853 49.69067 0.5993812 -0.7122054 49.47326 0.6027143 -0.5038647 49.69067 0.7747095 -0.5484595 49.47326 0.7176349 -0.3540973 49.69067 0.8993585 -0.3434829 49.47326 0.7898767 -0.1796893 49.69067 0.9640834 -0.1124774 49.47326 0.8145177 0.007473289 49.69067 0.9640834 0.1274242 49.47326 0.7898767 0.1946359 49.69067 0.8993585 0.3584295 49.47326 0.7176349 0.3690439 49.69067 0.7747095 0.5634065 49.47326 0.6027143 0.5188113 49.69067 0.5993812 0.7271519 49.47326 0.4529474 0.6337319 49.69067 0.3863762 0.8375226 49.47326 0.2785394 0.7059742 49.69067 0.1514918 0.8863316 49.47326 0.09137606 0.7306147 49.69067 -0.0878508 0.8699604 49.47326 -0.09578633 0.7059742 49.69067 -0.3139002 0.7896224 49.47326 -0.2701943 0.6337319 49.69067 -0.5098927 0.6512757 49.47326 -0.4199612 0.5188113 49.69067 -0.6612923 0.4651809 49.47326 -0.5348818 0.3690439 49.69067 -0.7568686 0.2451406 49.47326 -0.1391575 0.1405721 49.96392 -0.09685349 0.1957035 49.96392 -0.04172247 0.2380076 49.96392 0.02247977 0.2646008 49.96392 0.09137606 0.2736712 49.96392 0.1602733 0.2646008 49.96392 0.2244756 0.2380076 49.96392 0.2796066 0.1957035 49.96392 0.3219106 0.1405721 49.96392 0.3485038 0.07637029 49.96392 0.3575742 0.007473289 49.96392 0.3485038 -0.06142371 49.96392 0.3219106 -0.1256255 49.96392 0.2796066 -0.1807569 49.96392 0.2244756 -0.2230607 49.96392 0.1602733 -0.2496539 49.96392 0.09137606 -0.2587246 49.96392 0.02247977 -0.2496539 49.96392 -0.04172247 -0.2230607 49.96392 -0.09685349 -0.1807569 49.96392 -0.1391575 -0.1256255 49.96392 -0.1657507 -0.06142371 49.96392 -0.4043229 -0.1253489 49.85827 -0.3530562 -0.2491196 49.85827 -0.2715008 -0.3554041 49.85827 -0.1652166 -0.4369587 49.85827 -0.04144591 -0.4882264 49.85827 0.09137606 -0.5057127 49.85827 0.224199 -0.4882264 49.85827 0.3479698 -0.4369587 49.85827 0.4542539 -0.3554041 49.85827 0.5358083 -0.2491196 49.85827 0.587076 -0.1253489 49.85827 0.6045625 0.007473289 49.85827 0.587076 0.1402955 49.85827 0.5358083 0.2640663 49.85827 0.4542539 0.3703509 49.85827 0.3479698 0.4519058 49.85827 0.224199 0.5031729 49.85827 0.09137606 0.5206595 49.85827 -0.04144591 0.5031729 49.85827 -0.1652166 0.4519058 49.85827 -0.2715008 0.3703509 49.85827 -0.3530562 0.2640663 49.85827 -9.73969 1.249426 32.669 -9.809136 0.4224277 32.669 -9.809136 -0.4074809 32.669 -9.121969 3.655294 32.669 -9.394898 2.871548 32.669 -9.601287 2.067712 32.669 -7.409841 6.482349 32.669 -7.925337 5.831956 32.669 -8.384603 5.140707 32.669 -5.56394 8.144409 32.669 -6.224987 7.642644 32.669 -6.841729 7.087327 32.669 -3.362694 9.295191 32.669 -4.127757 8.973589 32.669 -4.863225 8.589096 32.669 -0.9444172 9.862393 32.669 -1.765423 9.741158 32.669 -2.573405 9.551648 32.669 2.354151 9.654866 32.669 1.538943 9.810374 32.669 0.7135809 9.897124 32.669 4.682271 8.789046 32.669 3.931347 9.142403 32.669 3.153489 9.431687 32.669 6.721926 7.371446 32.669 6.082472 7.900449 32.669 5.400993 8.374092 32.669 8.344961 5.491142 32.669 7.857153 6.162551 32.669 7.314875 6.790788 32.669 9.689264 2.471792 32.669 9.449392 3.26628 32.669 9.143884 4.037909 32.669 10.00058 0.007473289 32.669 9.965826 0.8366543 32.669 9.86181 1.660019 32.669 9.689264 -2.456845 32.669 9.86181 -1.645072 32.669 9.965826 -0.8217074 32.669 8.344961 -5.476196 32.669 8.774877 -4.766322 32.669 9.143884 -4.022963 32.669 6.721926 -7.3565 32.669 7.314875 -6.775843 32.669 7.857153 -6.147606 32.669 4.682271 -8.774098 32.669 5.400993 -8.359143 32.669 6.082472 -7.885503 32.669 2.354151 -9.639918 32.669 3.153489 -9.416739 32.669 3.931347 -9.127455 32.669 -0.9444172 -9.847445 32.669 -0.1161463 -9.899556 32.669 0.7135809 -9.882176 32.669 -3.362694 -9.280243 32.669 -2.573405 -9.5367 32.669 -1.765423 -9.72621 32.669 -5.56394 -8.12946 32.669 -4.863225 -8.574149 32.669 -4.127757 -8.958642 32.669 -7.409841 -6.467404 32.669 -6.841729 -7.072382 32.669 -6.224987 -7.627699 32.669 -9.121969 -3.640347 32.669 -8.784414 -4.398507 32.669 -8.384603 -5.125762 32.669 -9.73969 -1.234479 32.669 -9.601287 -2.052766 32.669 -9.394898 -2.856601 32.669 8.774877 4.781267 32.669 -0.1161463 9.914504 32.669 -8.784414 4.413452 32.669 -7.925337 -5.81701 32.669 1.538943 -9.795426 32.669 9.449392 -3.251333 32.669 6.861464 -0.6809771 32.49999 -6.678709 -0.6809771 32.49999 6.896376 0.007473289 32.49999 -6.713623 0.007473289 32.49999 6.861464 0.6959239 32.49999 -6.678709 0.6959239 32.49999 6.757078 1.37731 32.49999 -6.574325 1.37731 32.49999 6.584295 2.04464 32.49999 -6.401541 2.04464 32.49999 6.344885 2.691065 32.49999 -6.162131 2.691065 32.49999 6.041306 3.309953 32.49999 -5.858552 3.309953 32.49999 5.676672 3.894954 32.49999 -5.493918 3.894954 32.49999 5.254725 4.440063 32.49999 -5.071972 4.440063 32.49999 4.779797 4.939687 32.49999 -4.597043 4.939687 32.49999 4.256758 5.388702 32.49999 -4.074005 5.388702 32.49999 3.690977 5.782497 32.49999 -3.508224 5.782497 32.49999 3.088258 6.117033 32.49999 -2.905506 6.117033 32.49999 2.454789 6.388875 32.49999 -2.272036 6.388875 32.49999 1.797066 6.595237 32.49999 -1.614314 6.595237 32.49999 1.121842 6.733999 32.49999 -0.93909 6.733999 32.49999 0.4360445 6.803739 32.49999 -0.2532914 6.803739 32.49999 -6.574325 -1.362363 32.49999 6.757078 -1.362363 32.49999 -6.401541 -2.029693 32.49999 6.584295 -2.029693 32.49999 -6.162131 -2.676118 32.49999 6.344885 -2.676118 32.49999 -5.858552 -3.295006 32.49999 6.041306 -3.295006 32.49999 -5.493918 -3.880007 32.49999 5.676672 -3.880007 32.49999 -5.071972 -4.425117 32.49999 5.254725 -4.425117 32.49999 -4.597043 -4.924742 32.49999 4.779797 -4.924742 32.49999 -4.074005 -5.373756 32.49999 4.256758 -5.373756 32.49999 -3.508224 -5.767551 32.49999 3.690977 -5.767551 32.49999 -2.905506 -6.102087 32.49999 3.088258 -6.102087 32.49999 -2.272036 -6.37393 32.49999 2.454789 -6.37393 32.49999 -1.614314 -6.580292 32.49999 1.797066 -6.580292 32.49999 -0.93909 -6.719054 32.49999 1.121842 -6.719054 32.49999 -0.2532914 -6.788793 32.49999 0.4360445 -6.788793 32.49999 10.0826 -0.4112832 32.49999 10.0826 0.42623 32.49999 10.01252 1.260806 32.49999 9.872854 2.08659 32.49999 9.664571 2.897791 32.49999 9.389142 3.688719 32.49999 9.048494 4.453824 32.49999 8.645017 5.187742 32.49999 8.181547 5.885324 32.49999 7.661325 6.541679 32.49999 7.088011 7.152198 32.49999 6.465616 7.712604 32.49999 5.798512 8.218967 32.49999 5.091376 8.667729 32.49999 4.34917 9.055745 32.49999 3.577097 9.380293 32.49999 2.780575 9.6391 32.49999 1.96519 9.830348 32.49999 1.136661 9.952692 32.49999 0.300801 10.00528 32.49999 -0.5365288 9.987742 32.49999 -1.369454 9.900198 32.49999 -2.192132 9.743264 32.49999 -2.998793 9.51804 32.49999 -3.783779 9.226105 32.49999 -4.541584 8.869509 32.49999 -5.266891 8.450754 32.49999 -5.954615 7.972773 32.49999 -6.599929 7.43892 32.49999 -7.19831 6.852943 32.49999 -7.745558 6.21895 32.49999 -8.237837 5.541387 32.49999 -8.671691 4.82501 32.49999 -9.044079 4.074839 32.49999 -9.352389 3.29614 32.49999 -9.594456 2.494372 32.49999 -9.768585 1.675161 32.49999 -9.873554 0.8442517 32.49999 -9.908625 0.007473289 32.49999 -9.873554 -0.8293051 32.49999 -9.768585 -1.660214 32.49999 -9.594456 -2.479425 32.49999 -9.352389 -3.281193 32.49999 -9.044079 -4.059894 32.49999 -8.671691 -4.810064 32.49999 -8.237837 -5.526443 32.49999 -7.745558 -6.204005 32.49999 -7.19831 -6.837998 32.49999 -6.599929 -7.423976 32.49999 -5.954615 -7.957826 32.49999 -5.266891 -8.435805 32.49999 -4.541584 -8.854561 32.49999 -3.783779 -9.211157 32.49999 -2.998793 -9.503092 32.49999 -2.192132 -9.728316 32.49999 -1.369454 -9.885251 32.49999 -0.5365288 -9.972794 32.49999 0.300801 -9.990334 32.49999 1.136661 -9.937745 32.49999 1.96519 -9.8154 32.49999 2.780575 -9.624152 32.49999 3.577097 -9.365345 32.49999 4.34917 -9.040797 32.49999 5.091376 -8.652781 32.49999 5.798512 -8.204018 32.49999 6.465616 -7.697659 32.49999 7.088011 -7.137254 32.49999 7.661325 -6.526733 32.49999 8.181547 -5.870379 32.49999 8.645017 -5.172797 32.49999 9.048494 -4.438879 32.49999 9.389142 -3.673772 32.49999 9.664571 -2.882844 32.49999 9.872854 -2.071643 32.49999 10.01252 -1.245859 32.49999 -9.899853 0.42623 22.49999 -9.899853 -0.4112832 22.49999 -9.829771 -1.245859 22.49999 -9.690101 -2.071643 22.49999 -9.48182 -2.882844 22.49999 -9.20639 -3.673772 22.49999 -8.865742 -4.438879 22.49999 -8.462267 -5.172797 22.49999 -7.998794 -5.870379 22.49999 -7.478574 -6.526733 22.49999 -6.905257 -7.137254 22.49999 -6.282863 -7.697659 22.49999 -5.615759 -8.204018 22.49999 -4.908623 -8.652781 22.49999 -4.166416 -9.040797 22.49999 -3.394344 -9.365345 22.49999 -2.597822 -9.624152 22.49999 -1.782437 -9.8154 22.49999 -0.9539082 -9.937745 22.49999 -0.1180479 -9.990334 22.49999 0.7192819 -9.972794 22.49999 1.552207 -9.885251 22.49999 2.374885 -9.728316 22.49999 3.181546 -9.503092 22.49999 3.966532 -9.211157 22.49999 4.724337 -8.854561 22.49999 5.449645 -8.435805 22.49999 6.137369 -7.957826 22.49999 6.782682 -7.423976 22.49999 7.381063 -6.837998 22.49999 7.928312 -6.204005 22.49999 8.420587 -5.526443 22.49999 8.854444 -4.810064 22.49999 9.226831 -4.059894 22.49999 9.535139 -3.281193 22.49999 9.777208 -2.479425 22.49999 9.951337 -1.660214 22.49999 10.05631 -0.8293051 22.49999 10.09137 0.007473289 22.49999 10.05631 0.8442517 22.49999 9.951337 1.675161 22.49999 9.777208 2.494372 22.49999 9.535139 3.29614 22.49999 9.226831 4.074839 22.49999 8.854444 4.82501 22.49999 8.420587 5.541387 22.49999 7.928312 6.21895 22.49999 7.381063 6.852943 22.49999 6.782682 7.43892 22.49999 6.137369 7.972773 22.49999 5.449645 8.450754 22.49999 4.724337 8.869509 22.49999 3.966532 9.226105 22.49999 3.181546 9.51804 22.49999 2.374885 9.743264 22.49999 1.552207 9.900198 22.49999 0.7192819 9.987742 22.49999 -0.1180479 10.00528 22.49999 -0.9539082 9.952692 22.49999 -1.782437 9.830348 22.49999 -2.597822 9.6391 22.49999 -3.394344 9.380293 22.49999 -4.166416 9.055745 22.49999 -4.908623 8.667729 22.49999 -5.615759 8.218967 22.49999 -6.282863 7.712604 22.49999 -6.905257 7.152198 22.49999 -7.478574 6.541679 22.49999 -7.998794 5.885324 22.49999 -8.462267 5.187742 22.49999 -8.865742 4.453824 22.49999 -9.20639 3.688719 22.49999 -9.48182 2.897791 22.49999 -9.690101 2.08659 22.49999 -9.829771 1.260806 22.49999 10.05631 0.8442517 12.49999 10.09137 0.007473289 12.49999 10.05631 -0.8293051 12.49999 9.951337 -1.660214 12.49999 9.777208 -2.479425 12.49999 9.535139 -3.281193 12.49999 9.226831 -4.059894 12.49999 8.854444 -4.810064 12.49999 8.420587 -5.526443 12.49999 7.928312 -6.204005 12.49999 7.381063 -6.837998 12.49999 6.782682 -7.423976 12.49999 6.137369 -7.957826 12.49999 5.449645 -8.435805 12.49999 4.724337 -8.854561 12.49999 3.966532 -9.211157 12.49999 3.181546 -9.503092 12.49999 2.374885 -9.728316 12.49999 1.552207 -9.885251 12.49999 0.7192819 -9.972794 12.49999 -0.1180479 -9.990334 12.49999 -0.9539082 -9.937745 12.49999 -1.782437 -9.8154 12.49999 -2.597822 -9.624152 12.49999 -3.394344 -9.365345 12.49999 -4.166416 -9.040797 12.49999 -4.908623 -8.652781 12.49999 -5.615759 -8.204018 12.49999 -6.282863 -7.697659 12.49999 -6.905257 -7.137254 12.49999 -7.478574 -6.526733 12.49999 -7.998794 -5.870379 12.49999 -8.462267 -5.172797 12.49999 -8.865742 -4.438879 12.49999 -9.20639 -3.673772 12.49999 -9.48182 -2.882844 12.49999 -9.690101 -2.071643 12.49999 -9.829771 -1.245859 12.49999 -9.899853 -0.4112832 12.49999 -9.899853 0.42623 12.49999 -9.829771 1.260806 12.49999 -9.690101 2.08659 12.49999 -9.48182 2.897791 12.49999 -9.20639 3.688719 12.49999 -8.865742 4.453824 12.49999 -8.462267 5.187742 12.49999 -7.998794 5.885324 12.49999 -7.478574 6.541679 12.49999 -6.905257 7.152198 12.49999 -6.282863 7.712604 12.49999 -5.615759 8.218967 12.49999 -4.908623 8.667729 12.49999 -4.166416 9.055745 12.49999 -3.394344 9.380293 12.49999 -2.597822 9.6391 12.49999 -1.782437 9.830348 12.49999 -0.9539082 9.952692 12.49999 -0.1180479 10.00528 12.49999 0.7192819 9.987742 12.49999 1.552207 9.900198 12.49999 2.374885 9.743264 12.49999 3.181546 9.51804 12.49999 3.966532 9.226105 12.49999 4.724337 8.869509 12.49999 5.449645 8.450754 12.49999 6.137369 7.972773 12.49999 6.782682 7.43892 12.49999 7.381063 6.852943 12.49999 7.928312 6.21895 12.49999 8.420587 5.541387 12.49999 8.854444 4.82501 12.49999 9.226831 4.074839 12.49999 9.535139 3.29614 12.49999 9.777208 2.494372 12.49999 9.951337 1.675161 12.49999 22.3563 -1.242898 12.49999 22.39138 0.007473289 12.49999 22.3563 1.257845 12.49999 12.92848 -6.639449 12.49999 13.45705 -6.877338 12.49999 22.25116 -2.489335 12.49999 13.95309 -7.177205 12.49999 22.0763 -3.727915 12.49999 21.83227 -4.954744 12.49999 14.40936 -7.534676 12.49999 21.51984 -6.165959 12.49999 14.81923 -7.944538 12.49999 21.13998 -7.35775 12.49999 15.1767 -8.400816 12.49999 20.69389 -8.526368 12.49999 15.47656 -8.896855 12.49999 20.18298 -9.668133 12.49999 15.71445 -9.425423 12.49999 15.88689 -9.978812 12.49999 12.37509 -6.467007 12.49999 11.80495 -6.362524 12.49999 11.22638 -6.327527 12.49999 10.6478 -6.362524 12.49999 10.07766 -6.467007 12.49999 9.524274 -6.639449 12.49999 8.995706 -6.877338 12.49999 8.499666 -7.177205 12.49999 8.043387 -7.534676 12.49999 7.633524 -7.944538 12.49999 7.276052 -8.400816 12.49999 6.976187 -8.896855 12.49999 6.738298 -9.425423 12.49999 6.565855 -9.978812 12.49999 6.461374 -10.54895 12.49999 6.426378 -11.12753 12.49999 6.461374 -11.7061 12.49999 6.565855 -12.27624 12.49999 6.738298 -12.82963 12.49999 6.976187 -13.3582 12.49999 2.588184 -22.15231 12.49999 1.341747 -22.25745 12.49999 0.09137606 -22.29253 12.49999 -1.158995 -22.25745 12.49999 -2.405431 -22.15231 12.49999 -6.793434 -13.3582 12.49999 -7.093301 -13.85424 12.49999 -6.555545 -12.82963 12.49999 -6.383102 -12.27624 12.49999 -6.278621 -11.7061 12.49999 -6.243623 -11.12753 12.49999 -6.278621 -10.54895 12.49999 -6.383102 -9.978812 12.49999 -6.555545 -9.425423 12.49999 -6.793434 -8.896855 12.49999 -7.093301 -8.400816 12.49999 -7.450772 -7.944538 12.49999 -7.860635 -7.534676 12.49999 -8.316914 -7.177205 12.49999 -8.812953 -6.877338 12.49999 -9.341522 -6.639449 12.49999 -9.894909 -6.467007 12.49999 -10.46505 -6.362524 12.49999 -11.04362 -6.327527 12.49999 -11.6222 -6.362524 12.49999 -12.19234 -6.467007 12.49999 -12.74573 -6.639449 12.49999 -13.2743 -6.877338 12.49999 -22.06841 -2.489335 12.49999 -13.77033 -7.177205 12.49999 -21.89355 -3.727915 12.49999 -21.64951 -4.954744 12.49999 -22.17354 -1.242898 12.49999 -22.20862 0.007473289 12.49999 -22.17354 1.257845 12.49999 -22.06841 2.504281 12.49999 -13.2743 6.892284 12.49999 -13.77033 7.19215 12.49999 -12.74573 6.654394 12.49999 -12.19234 6.481952 12.49999 -11.6222 6.37747 12.49999 -11.04362 6.342472 12.49999 -10.46505 6.37747 12.49999 -9.894909 6.481952 12.49999 -9.341522 6.654394 12.49999 -8.812953 6.892284 12.49999 -8.316914 7.19215 12.49999 -7.860635 7.549621 12.49999 -7.450772 7.959485 12.49999 -7.093301 8.415763 12.49999 -6.793434 8.911803 12.49999 -6.555545 9.440371 12.49999 -6.383102 9.99376 12.49999 -6.278621 10.5639 12.49999 -6.243623 11.14247 12.49999 -6.278621 11.72105 12.49999 -6.383102 12.29119 12.49999 -6.555545 12.84458 12.49999 -6.793434 13.37314 12.49999 -2.405431 22.16725 12.49999 -7.093301 13.86918 12.49999 -3.644012 21.9924 12.49999 -4.87084 21.74837 12.49999 -1.158995 22.27239 12.49999 0.09137606 22.30747 12.49999 1.341747 22.27239 12.49999 2.588184 22.16725 12.49999 6.976187 13.37314 12.49999 7.276052 13.86918 12.49999 6.738298 12.84458 12.49999 6.565855 12.29119 12.49999 6.461374 11.72105 12.49999 6.426378 11.14247 12.49999 6.461374 10.5639 12.49999 6.565855 9.99376 12.49999 6.738298 9.440371 12.49999 6.976187 8.911803 12.49999 7.276052 8.415763 12.49999 7.633524 7.959485 12.49999 8.043387 7.549621 12.49999 8.499666 7.19215 12.49999 8.995706 6.892284 12.49999 9.524274 6.654394 12.49999 10.07766 6.481952 12.49999 10.6478 6.37747 12.49999 11.22638 6.342472 12.49999 11.80495 6.37747 12.49999 12.37509 6.481952 12.49999 12.92848 6.654394 12.49999 13.45705 6.892284 12.49999 22.25116 2.504281 12.49999 13.95309 7.19215 12.49999 22.0763 3.742862 12.49999 21.83227 4.96969 12.49999 7.633524 14.32546 12.49999 5.053594 21.74837 12.49999 3.826765 21.9924 12.49999 6.264807 21.43593 12.49999 8.043387 14.73532 12.49999 7.456598 21.05607 12.49999 8.499666 15.09279 12.49999 8.625215 20.60999 12.49999 8.995706 15.39266 12.49999 9.766984 20.09908 12.49999 9.524274 15.63055 12.49999 10.07766 15.80299 12.49999 10.87831 19.52495 12.49999 10.6478 15.90748 12.49999 11.95569 18.88942 12.49999 11.22638 15.94247 12.49999 11.80495 15.90748 12.49999 12.99574 18.19448 12.49999 12.37509 15.80299 12.49999 13.9952 17.44232 12.49999 12.92848 15.63055 12.49999 13.45705 15.39266 12.49999 14.95091 16.63529 12.49999 13.95309 15.09279 12.49999 14.40936 14.73532 12.49999 15.85986 15.77595 12.49999 14.81923 14.32546 12.49999 16.7192 14.867 12.49999 15.1767 13.86918 12.49999 15.47656 13.37314 12.49999 17.52622 13.91129 12.49999 15.71445 12.84458 12.49999 15.88689 12.29119 12.49999 18.27839 12.91184 12.49999 15.99138 11.72105 12.49999 18.97333 11.87179 12.49999 16.02638 11.14247 12.49999 15.99138 10.5639 12.49999 19.60886 10.7944 12.49999 15.88689 9.99376 12.49999 20.18298 9.683081 12.49999 15.71445 9.440371 12.49999 15.47656 8.911803 12.49999 20.69389 8.541315 12.49999 15.1767 8.415763 12.49999 21.13998 7.372695 12.49999 14.81923 7.959485 12.49999 21.51984 6.180904 12.49999 14.40936 7.549621 12.49999 -15.80863 -11.7061 12.49999 -15.84362 -11.12753 12.49999 -18.79057 -11.85684 12.49999 -15.80863 -10.54895 12.49999 -19.42611 -10.77946 12.49999 -15.70414 -9.978812 12.49999 -20.00023 -9.668133 12.49999 -15.5317 -9.425423 12.49999 -15.29381 -8.896855 12.49999 -20.51114 -8.526368 12.49999 -14.99395 -8.400816 12.49999 -20.95722 -7.35775 12.49999 -14.63648 -7.944538 12.49999 -21.33708 -6.165959 12.49999 -14.22661 -7.534676 12.49999 -7.450772 -14.31051 12.49999 -4.87084 -21.73342 12.49999 -3.644012 -21.97745 12.49999 -6.082055 -21.42098 12.49999 -7.860635 -14.72038 12.49999 -7.273847 -21.04113 12.49999 -8.316914 -15.07785 12.49999 -8.442465 -20.59504 12.49999 -8.812953 -15.37772 12.49999 -9.584232 -20.08414 12.49999 -9.341522 -15.6156 12.49999 -9.894909 -15.78805 12.49999 -10.69556 -19.51001 12.49999 -10.46505 -15.89253 12.49999 -11.77294 -18.87448 12.49999 -11.04362 -15.92753 12.49999 -11.6222 -15.89253 12.49999 -12.81299 -18.17953 12.49999 -12.19234 -15.78805 12.49999 -13.81245 -17.42737 12.49999 -12.74573 -15.6156 12.49999 -13.2743 -15.37772 12.49999 -14.76815 -16.62035 12.49999 -13.77033 -15.07785 12.49999 -14.22661 -14.72038 12.49999 -15.67711 -15.76101 12.49999 -14.63648 -14.31051 12.49999 -16.53644 -14.85205 12.49999 -14.99395 -13.85424 12.49999 -15.29381 -13.3582 12.49999 -17.34346 -13.89635 12.49999 -15.5317 -12.82963 12.49999 -15.70414 -12.27624 12.49999 -18.09563 -12.8969 12.49999 -15.80863 10.5639 12.49999 -15.84362 11.14247 12.49999 -18.79057 11.87179 12.49999 -15.80863 11.72105 12.49999 -18.09563 12.91184 12.49999 -15.70414 12.29119 12.49999 -17.34346 13.91129 12.49999 -15.5317 12.84458 12.49999 -15.29381 13.37314 12.49999 -16.53644 14.867 12.49999 -14.99395 13.86918 12.49999 -14.63648 14.32546 12.49999 -15.67711 15.77595 12.49999 -14.22661 14.73532 12.49999 -14.76815 16.63529 12.49999 -13.77033 15.09279 12.49999 -13.2743 15.39266 12.49999 -13.81245 17.44232 12.49999 -12.74573 15.63055 12.49999 -12.19234 15.80299 12.49999 -12.81299 18.19448 12.49999 -11.6222 15.90748 12.49999 -11.77294 18.88942 12.49999 -11.04362 15.94247 12.49999 -10.46505 15.90748 12.49999 -10.69556 19.52495 12.49999 -9.894909 15.80299 12.49999 -9.584232 20.09908 12.49999 -9.341522 15.63055 12.49999 -8.812953 15.39266 12.49999 -8.442465 20.60999 12.49999 -8.316914 15.09279 12.49999 -7.273847 21.05607 12.49999 -7.860635 14.73532 12.49999 -6.082055 21.43593 12.49999 -7.450772 14.32546 12.49999 -14.22661 7.549621 12.49999 -21.64951 4.96969 12.49999 -21.89355 3.742862 12.49999 -21.33708 6.180904 12.49999 -14.63648 7.959485 12.49999 -20.95722 7.372695 12.49999 -14.99395 8.415763 12.49999 -20.51114 8.541315 12.49999 -15.29381 8.911803 12.49999 -20.00023 9.683081 12.49999 -15.5317 9.440371 12.49999 -15.70414 9.99376 12.49999 -19.42611 10.7944 12.49999 19.60886 -10.77946 12.49999 15.99138 -10.54895 12.49999 18.97333 -11.85684 12.49999 16.02638 -11.12753 12.49999 15.99138 -11.7061 12.49999 18.27839 -12.8969 12.49999 15.88689 -12.27624 12.49999 17.52622 -13.89635 12.49999 15.71445 -12.82963 12.49999 15.47656 -13.3582 12.49999 16.7192 -14.85205 12.49999 15.1767 -13.85424 12.49999 14.81923 -14.31051 12.49999 15.85986 -15.76101 12.49999 14.40936 -14.72038 12.49999 14.95091 -16.62035 12.49999 13.95309 -15.07785 12.49999 13.45705 -15.37772 12.49999 13.9952 -17.42737 12.49999 12.92848 -15.6156 12.49999 12.37509 -15.78805 12.49999 12.99574 -18.17953 12.49999 11.80495 -15.89253 12.49999 11.95569 -18.87448 12.49999 11.22638 -15.92753 12.49999 10.6478 -15.89253 12.49999 10.87831 -19.51001 12.49999 10.07766 -15.78805 12.49999 9.766984 -20.08414 12.49999 9.524274 -15.6156 12.49999 8.995706 -15.37772 12.49999 8.625215 -20.59504 12.49999 8.499666 -15.07785 12.49999 7.456598 -21.04113 12.49999 8.043387 -14.72038 12.49999 6.264807 -21.42098 12.49999 7.633524 -14.31051 12.49999 5.053594 -21.73342 12.49999 7.276052 -13.85424 12.49999 3.826765 -21.97745 12.49999 0.4588754 18.22342 -7.62939e-6 0.09137606 18.25747 -7.62939e-6 0.09137606 22.30747 -7.62939e-6 -0.2761223 18.22342 -7.62939e-6 -1.158995 22.27239 -7.62939e-6 -0.6311066 18.12242 -7.62939e-6 -2.405431 22.16725 -7.62939e-6 -0.961488 17.95791 -7.62939e-6 -1.256015 17.73549 -7.62939e-6 -3.644012 21.9924 -7.62939e-6 -1.504658 17.46274 -7.62939e-6 -4.87084 21.74837 -7.62939e-6 -1.69895 17.14895 -7.62939e-6 -6.082055 21.43593 -7.62939e-6 -1.832275 16.8048 -7.62939e-6 -7.273847 21.05607 -7.62939e-6 -1.900092 16.44201 -7.62939e-6 -8.442465 20.60999 -7.62939e-6 -9.386071 13.4239 -7.62939e-6 -9.584232 20.09908 -7.62939e-6 -9.763372 13.65511 -7.62939e-6 -10.69556 19.52495 -7.62939e-6 -10.1722 13.82445 -7.62939e-6 -10.60248 13.92776 -7.62939e-6 -9.049584 13.13651 -7.62939e-6 -1.900092 16.07294 -7.62939e-6 -8.762197 12.80003 -7.62939e-6 -1.832275 15.71015 -7.62939e-6 -8.530986 12.42272 -7.62939e-6 -1.69895 15.366 -7.62939e-6 -8.361645 12.0139 -7.62939e-6 -3.429877 9.750697 -7.62939e-6 -4.212323 9.431262 -7.62939e-6 -1.504658 15.0522 -7.62939e-6 -2.623997 10.00529 -7.62939e-6 -1.256015 14.77945 -7.62939e-6 -1.800047 10.19335 -7.62939e-6 -0.961488 14.55704 -7.62939e-6 -0.6311066 14.39253 -7.62939e-6 -0.9635098 10.31363 -7.62939e-6 -0.2761223 14.29152 -7.62939e-6 -0.1199524 10.36532 -7.62939e-6 0.09137606 14.25747 -7.62939e-6 0.7250116 10.34808 -7.62939e-6 0.4588754 14.29152 -7.62939e-6 0.8138597 14.39253 -7.62939e-6 1.565758 10.26202 -7.62939e-6 1.144241 14.55704 -7.62939e-6 2.396693 10.10773 -7.62939e-6 1.438768 14.77945 -7.62939e-6 3.212287 9.886216 -7.62939e-6 1.687411 15.0522 -7.62939e-6 4.007111 9.598961 -7.62939e-6 8.544397 12.0139 -7.62939e-6 8.441095 11.58362 -7.62939e-6 1.881703 15.366 -7.62939e-6 8.713739 12.42272 -7.62939e-6 2.015028 15.71015 -7.62939e-6 8.944948 12.80003 -7.62939e-6 2.082844 16.07294 -7.62939e-6 9.232336 13.13651 -7.62939e-6 2.082844 16.44201 -7.62939e-6 9.568822 13.4239 -7.62939e-6 8.625215 20.60999 -7.62939e-6 9.766984 20.09908 -7.62939e-6 7.456598 21.05607 -7.62939e-6 2.015028 16.8048 -7.62939e-6 6.264807 21.43593 -7.62939e-6 1.881703 17.14895 -7.62939e-6 5.053594 21.74837 -7.62939e-6 1.687411 17.46274 -7.62939e-6 3.826765 21.9924 -7.62939e-6 1.438768 17.73549 -7.62939e-6 2.588184 22.16725 -7.62939e-6 1.144241 17.95791 -7.62939e-6 0.8138597 18.12242 -7.62939e-6 1.341747 22.27239 -7.62939e-6 14.01166 -10.68638 -7.62939e-6 18.97333 -11.85684 -7.62939e-6 14.04638 -11.12753 -7.62939e-6 18.27839 -12.8969 -7.62939e-6 14.01166 -11.56867 -7.62939e-6 17.52622 -13.89635 -7.62939e-6 13.90836 -11.99895 -7.62939e-6 13.73901 -12.40778 -7.62939e-6 16.7192 -14.85205 -7.62939e-6 13.5078 -12.78508 -7.62939e-6 15.85986 -15.76101 -7.62939e-6 13.22042 -13.12157 -7.62939e-6 12.88393 -13.40895 -7.62939e-6 14.95091 -16.62035 -7.62939e-6 12.50663 -13.64017 -7.62939e-6 13.9952 -17.42737 -7.62939e-6 12.0978 -13.80951 -7.62939e-6 11.66752 -13.91281 -7.62939e-6 12.99574 -18.17953 -7.62939e-6 11.22638 -13.94753 -7.62939e-6 11.95569 -18.87448 -7.62939e-6 10.78523 -13.91281 -7.62939e-6 10.87831 -19.51001 -7.62939e-6 10.35495 -13.80951 -7.62939e-6 9.946123 -13.64017 -7.62939e-6 9.766984 -20.08414 -7.62939e-6 9.568822 -13.40895 -7.62939e-6 8.625215 -20.59504 -7.62939e-6 9.232336 -13.12157 -7.62939e-6 7.456598 -21.04113 -7.62939e-6 6.264807 -21.42098 -7.62939e-6 19.60886 -10.77946 -7.62939e-6 13.90836 -10.2561 -7.62939e-6 13.73901 -9.847273 -7.62939e-6 20.18298 -9.668133 -7.62939e-6 13.5078 -9.469971 -7.62939e-6 20.69389 -8.526368 -7.62939e-6 13.22042 -9.133484 -7.62939e-6 21.13998 -7.35775 -7.62939e-6 21.51984 -6.165959 -7.62939e-6 12.88393 -8.846098 -7.62939e-6 21.83227 -4.954744 -7.62939e-6 10.23655 -2.091333 -7.62939e-6 22.0763 -3.727915 -7.62939e-6 10.37387 -1.257424 -7.62939e-6 22.25116 -2.489335 -7.62939e-6 22.3563 -1.242898 -7.62939e-6 10.44275 -0.4150965 -7.62939e-6 22.39138 0.007473289 -7.62939e-6 10.44275 0.4300433 -7.62939e-6 22.3563 1.257845 -7.62939e-6 10.37387 1.27237 -7.62939e-6 22.25116 2.504281 -7.62939e-6 22.0763 3.742862 -7.62939e-6 10.23655 2.10628 -7.62939e-6 21.83227 4.96969 -7.62939e-6 12.88393 8.861046 -7.62939e-6 21.51984 6.180904 -7.62939e-6 13.22042 9.148432 -7.62939e-6 21.13998 7.372695 -7.62939e-6 20.69389 8.541315 -7.62939e-6 13.5078 9.484919 -7.62939e-6 20.18298 9.683081 -7.62939e-6 13.73901 9.862221 -7.62939e-6 19.60886 10.7944 -7.62939e-6 13.90836 10.27105 -7.62939e-6 14.01166 10.70133 -7.62939e-6 12.50663 -8.614888 -7.62939e-6 10.03172 -2.911276 -7.62939e-6 12.0978 -8.445548 -7.62939e-6 9.760744 -3.711795 -7.62939e-6 11.66752 -8.342246 -7.62939e-6 9.425413 -4.487563 -7.62939e-6 11.22638 -8.307526 -7.62939e-6 9.027967 -5.233417 -7.62939e-6 10.78523 -8.342246 -7.62939e-6 8.57105 -5.944393 -7.62939e-6 10.35495 -8.445548 -7.62939e-6 9.946123 -8.614888 -7.62939e-6 8.057703 -6.615761 -7.62939e-6 9.568822 -8.846098 -7.62939e-6 7.491343 -7.243052 -7.62939e-6 9.232336 -9.133484 -7.62939e-6 8.944948 -9.469971 -7.62939e-6 6.875734 -7.822093 -7.62939e-6 8.713739 -9.847273 -7.62939e-6 6.214975 -8.349028 -7.62939e-6 8.544397 -10.2561 -7.62939e-6 5.513469 -8.820353 -7.62939e-6 8.441095 -10.68638 -7.62939e-6 8.406377 -11.12753 -7.62939e-6 4.775878 -9.23293 -7.62939e-6 8.441095 -11.56867 -7.62939e-6 4.007111 -9.584013 -7.62939e-6 8.544397 -11.99895 -7.62939e-6 3.212287 -9.871268 -7.62939e-6 8.713739 -12.40778 -7.62939e-6 2.396693 -10.09278 -7.62939e-6 8.944948 -12.78508 -7.62939e-6 5.053594 -21.73342 -7.62939e-6 14.01166 11.58362 -7.62939e-6 18.27839 12.91184 -7.62939e-6 14.04638 11.14247 -7.62939e-6 18.97333 11.87179 -7.62939e-6 17.52622 13.91129 -7.62939e-6 13.90836 12.0139 -7.62939e-6 13.73901 12.42272 -7.62939e-6 16.7192 14.867 -7.62939e-6 13.5078 12.80003 -7.62939e-6 15.85986 15.77595 -7.62939e-6 13.22042 13.13651 -7.62939e-6 12.88393 13.4239 -7.62939e-6 14.95091 16.63529 -7.62939e-6 12.50663 13.65511 -7.62939e-6 13.9952 17.44232 -7.62939e-6 12.0978 13.82445 -7.62939e-6 11.66752 13.92776 -7.62939e-6 12.99574 18.19448 -7.62939e-6 11.22638 13.96247 -7.62939e-6 11.95569 18.88942 -7.62939e-6 10.78523 13.92776 -7.62939e-6 10.87831 19.52495 -7.62939e-6 10.35495 13.82445 -7.62939e-6 9.946123 13.65511 -7.62939e-6 4.775878 9.247878 -7.62939e-6 8.406377 11.14247 -7.62939e-6 5.513469 8.835301 -7.62939e-6 8.441095 10.70133 -7.62939e-6 8.544397 10.27105 -7.62939e-6 6.214975 8.363975 -7.62939e-6 8.713739 9.862221 -7.62939e-6 6.875734 7.837038 -7.62939e-6 8.944948 9.484919 -7.62939e-6 7.491343 7.257997 -7.62939e-6 9.232336 9.148432 -7.62939e-6 9.568822 8.861046 -7.62939e-6 8.057703 6.630706 -7.62939e-6 9.946123 8.629837 -7.62939e-6 8.57105 5.959339 -7.62939e-6 10.35495 8.460494 -7.62939e-6 10.78523 8.357192 -7.62939e-6 9.027967 5.248361 -7.62939e-6 11.22638 8.322475 -7.62939e-6 9.425413 4.502508 -7.62939e-6 11.66752 8.357192 -7.62939e-6 9.760744 3.726741 -7.62939e-6 12.0978 8.460494 -7.62939e-6 10.03172 2.926223 -7.62939e-6 12.50663 8.629837 -7.62939e-6 -8.258344 -10.68638 -7.62939e-6 -4.966129 -9.034165 -7.62939e-6 -8.223625 -11.12753 -7.62939e-6 -4.212323 -9.416314 -7.62939e-6 -8.258344 -11.56867 -7.62939e-6 -8.361645 -11.99895 -7.62939e-6 -3.429877 -9.735749 -7.62939e-6 -8.530986 -12.40778 -7.62939e-6 -2.623997 -9.990344 -7.62939e-6 -8.762197 -12.78508 -7.62939e-6 -4.87084 -21.73342 -7.62939e-6 -6.082055 -21.42098 -7.62939e-6 -5.686278 -8.591847 -7.62939e-6 -8.361645 -10.2561 -7.62939e-6 -6.367978 -8.092301 -7.62939e-6 -8.530986 -9.847273 -7.62939e-6 -8.762197 -9.469971 -7.62939e-6 -7.006691 -7.538853 -7.62939e-6 -9.049584 -9.133484 -7.62939e-6 -7.598169 -6.935184 -7.62939e-6 -9.386071 -8.846098 -7.62939e-6 -9.763372 -8.614888 -7.62939e-6 -8.138475 -6.285314 -7.62939e-6 -10.1722 -8.445548 -7.62939e-6 -8.624011 -5.593566 -7.62939e-6 -10.60248 -8.342246 -7.62939e-6 -9.051548 -4.864544 -7.62939e-6 -11.04362 -8.307526 -7.62939e-6 -11.48477 -8.342246 -7.62939e-6 -9.418241 -4.1031 -7.62939e-6 -11.91505 -8.445548 -7.62939e-6 -9.721648 -3.3143 -7.62939e-6 -12.32388 -8.614888 -7.62939e-6 -9.959752 -2.503394 -7.62939e-6 -12.70118 -8.846098 -7.62939e-6 -21.64951 -4.954744 -7.62939e-6 -21.33708 -6.165959 -7.62939e-6 -13.03767 -9.133484 -7.62939e-6 -20.95722 -7.35775 -7.62939e-6 -20.51114 -8.526368 -7.62939e-6 -13.32505 -9.469971 -7.62939e-6 -20.00023 -9.668133 -7.62939e-6 -13.55626 -9.847273 -7.62939e-6 -19.42611 -10.77946 -7.62939e-6 -13.7256 -10.2561 -7.62939e-6 -13.8289 -10.68638 -7.62939e-6 -18.79057 -11.85684 -7.62939e-6 -13.86362 -11.12753 -7.62939e-6 -18.09563 -12.8969 -7.62939e-6 -13.8289 -11.56867 -7.62939e-6 -17.34346 -13.89635 -7.62939e-6 -13.7256 -11.99895 -7.62939e-6 -13.55626 -12.40778 -7.62939e-6 -16.53644 -14.85205 -7.62939e-6 -13.32505 -12.78508 -7.62939e-6 -15.67711 -15.76101 -7.62939e-6 -13.03767 -13.12157 -7.62939e-6 -12.70118 -13.40895 -7.62939e-6 -14.76815 -16.62035 -7.62939e-6 -12.32388 -13.64017 -7.62939e-6 -13.81245 -17.42737 -7.62939e-6 -11.91505 -13.80951 -7.62939e-6 -11.48477 -13.91281 -7.62939e-6 -12.81299 -18.17953 -7.62939e-6 -11.04362 -13.94753 -7.62939e-6 -11.77294 -18.87448 -7.62939e-6 -10.60248 -13.91281 -7.62939e-6 -10.69556 -19.51001 -7.62939e-6 -10.1722 -13.80951 -7.62939e-6 -9.763372 -13.64017 -7.62939e-6 -9.584232 -20.08414 -7.62939e-6 -9.386071 -13.40895 -7.62939e-6 -8.442465 -20.59504 -7.62939e-6 -9.049584 -13.12157 -7.62939e-6 -7.273847 -21.04113 -7.62939e-6 -8.258344 11.58362 -7.62939e-6 -8.223625 11.14247 -7.62939e-6 -4.966129 9.049113 -7.62939e-6 -8.258344 10.70133 -7.62939e-6 -5.686278 8.606794 -7.62939e-6 -8.361645 10.27105 -7.62939e-6 -6.367978 8.107248 -7.62939e-6 -8.530986 9.862221 -7.62939e-6 -8.762197 9.484919 -7.62939e-6 -7.006691 7.553798 -7.62939e-6 -9.049584 9.148432 -7.62939e-6 -7.598169 6.95013 -7.62939e-6 -9.386071 8.861046 -7.62939e-6 -9.763372 8.629837 -7.62939e-6 -8.138475 6.30026 -7.62939e-6 -10.1722 8.460494 -7.62939e-6 -8.624011 5.60851 -7.62939e-6 -10.60248 8.357192 -7.62939e-6 -9.051548 4.879489 -7.62939e-6 -11.04362 8.322475 -7.62939e-6 -11.48477 8.357192 -7.62939e-6 -9.418241 4.118046 -7.62939e-6 -11.91505 8.460494 -7.62939e-6 -9.721648 3.329246 -7.62939e-6 -12.32388 8.629837 -7.62939e-6 -9.959752 2.518341 -7.62939e-6 -12.70118 8.861046 -7.62939e-6 -21.64951 4.96969 -7.62939e-6 -21.33708 6.180904 -7.62939e-6 -11.77294 18.88942 -7.62939e-6 -11.04362 13.96247 -7.62939e-6 -12.81299 18.19448 -7.62939e-6 -11.48477 13.92776 -7.62939e-6 -13.81245 17.44232 -7.62939e-6 -11.91505 13.82445 -7.62939e-6 -12.32388 13.65511 -7.62939e-6 -14.76815 16.63529 -7.62939e-6 -12.70118 13.4239 -7.62939e-6 -15.67711 15.77595 -7.62939e-6 -13.03767 13.13651 -7.62939e-6 -13.32505 12.80003 -7.62939e-6 -16.53644 14.867 -7.62939e-6 -13.55626 12.42272 -7.62939e-6 -17.34346 13.91129 -7.62939e-6 -13.7256 12.0139 -7.62939e-6 -13.8289 11.58362 -7.62939e-6 -18.09563 12.91184 -7.62939e-6 -13.86362 11.14247 -7.62939e-6 -18.79057 11.87179 -7.62939e-6 -13.8289 10.70133 -7.62939e-6 -19.42611 10.7944 -7.62939e-6 -13.7256 10.27105 -7.62939e-6 -13.55626 9.862221 -7.62939e-6 -20.00023 9.683081 -7.62939e-6 -13.32505 9.484919 -7.62939e-6 -20.51114 8.541315 -7.62939e-6 -13.03767 9.148432 -7.62939e-6 -20.95722 7.372695 -7.62939e-6 -10.23415 -0.8369629 -7.62939e-6 -22.17354 -1.242898 -7.62939e-6 -10.26862 0.007473289 -7.62939e-6 -22.20862 0.007473289 -7.62939e-6 -22.17354 1.257845 -7.62939e-6 -22.06841 -2.489335 -7.62939e-6 -10.13097 -1.675779 -7.62939e-6 -21.89355 -3.727915 -7.62939e-6 -1.800047 -10.1784 -7.62939e-6 -3.644012 -21.97745 -7.62939e-6 -0.9635098 -10.29868 -7.62939e-6 -2.405431 -22.15231 -7.62939e-6 -1.158995 -22.25745 -7.62939e-6 -0.1199524 -10.35037 -7.62939e-6 0.09137606 -22.29253 -7.62939e-6 0.7250116 -10.33313 -7.62939e-6 1.341747 -22.25745 -7.62939e-6 2.588184 -22.15231 -7.62939e-6 1.565758 -10.24708 -7.62939e-6 3.826765 -21.97745 -7.62939e-6 -10.13097 1.690726 -7.62939e-6 -21.89355 3.742862 -7.62939e-6 -22.06841 2.504281 -7.62939e-6 -10.23415 0.8519097 -7.62939e-6 15.99138 10.5639 7.499992 16.02638 11.14247 7.499992 15.99138 11.72105 7.499992 15.88689 12.29119 7.499992 15.71445 12.84458 7.499992 15.47656 13.37314 7.499992 15.1767 13.86918 7.499992 14.81923 14.32546 7.499992 14.40936 14.73532 7.499992 13.95309 15.09279 7.499992 13.45705 15.39266 7.499992 12.92848 15.63055 7.499992 12.37509 15.80299 7.499992 11.80495 15.90748 7.499992 11.22638 15.94247 7.499992 10.6478 15.90748 7.499992 10.07766 15.80299 7.499992 9.524274 15.63055 7.499992 8.995706 15.39266 7.499992 8.499666 15.09279 7.499992 8.043387 14.73532 7.499992 7.633524 14.32546 7.499992 7.276052 13.86918 7.499992 6.976187 13.37314 7.499992 6.738298 12.84458 7.499992 6.565855 12.29119 7.499992 6.461374 11.72105 7.499992 6.426378 11.14247 7.499992 6.461374 10.5639 7.499992 6.565855 9.99376 7.499992 6.738298 9.440371 7.499992 6.976187 8.911803 7.499992 7.276052 8.415763 7.499992 7.633524 7.959485 7.499992 8.043387 7.549621 7.499992 8.499666 7.19215 7.499992 8.995706 6.892284 7.499992 9.524274 6.654394 7.499992 10.07766 6.481952 7.499992 10.6478 6.37747 7.499992 11.22638 6.342472 7.499992 11.80495 6.37747 7.499992 12.37509 6.481952 7.499992 12.92848 6.654394 7.499992 13.45705 6.892284 7.499992 13.95309 7.19215 7.499992 14.40936 7.549621 7.499992 14.81923 7.959485 7.499992 15.1767 8.415763 7.499992 15.47656 8.911803 7.499992 15.71445 9.440371 7.499992 15.88689 9.99376 7.499992 -6.278621 -11.7061 7.499992 -6.243623 -11.12753 7.499992 -6.278621 -10.54895 7.499992 -6.383102 -9.978812 7.499992 -6.555545 -9.425423 7.499992 -6.793434 -8.896855 7.499992 -7.093301 -8.400816 7.499992 -7.450772 -7.944538 7.499992 -7.860635 -7.534676 7.499992 -8.316914 -7.177205 7.499992 -8.812953 -6.877338 7.499992 -9.341522 -6.639449 7.499992 -9.894909 -6.467007 7.499992 -10.46505 -6.362524 7.499992 -11.04362 -6.327527 7.499992 -11.6222 -6.362524 7.499992 -12.19234 -6.467007 7.499992 -12.74573 -6.639449 7.499992 -13.2743 -6.877338 7.499992 -13.77033 -7.177205 7.499992 -14.22661 -7.534676 7.499992 -14.63648 -7.944538 7.499992 -14.99395 -8.400816 7.499992 -15.29381 -8.896855 7.499992 -15.5317 -9.425423 7.499992 -15.70414 -9.978812 7.499992 -15.80863 -10.54895 7.499992 -15.84362 -11.12753 7.499992 -15.80863 -11.7061 7.499992 -15.70414 -12.27624 7.499992 -15.5317 -12.82963 7.499992 -15.29381 -13.3582 7.499992 -14.99395 -13.85424 7.499992 -14.63648 -14.31051 7.499992 -14.22661 -14.72038 7.499992 -13.77033 -15.07785 7.499992 -13.2743 -15.37772 7.499992 -12.74573 -15.6156 7.499992 -12.19234 -15.78805 7.499992 -11.6222 -15.89253 7.499992 -11.04362 -15.92753 7.499992 -10.46505 -15.89253 7.499992 -9.894909 -15.78805 7.499992 -9.341522 -15.6156 7.499992 -8.812953 -15.37772 7.499992 -8.316914 -15.07785 7.499992 -7.860635 -14.72038 7.499992 -7.450772 -14.31051 7.499992 -7.093301 -13.85424 7.499992 -6.793434 -13.3582 7.499992 -6.555545 -12.82963 7.499992 -6.383102 -12.27624 7.499992 -6.278621 10.5639 7.499992 -6.243623 11.14247 7.499992 -6.278621 11.72105 7.499992 -6.383102 12.29119 7.499992 -6.555545 12.84458 7.499992 -6.793434 13.37314 7.499992 -7.093301 13.86918 7.499992 -7.450772 14.32546 7.499992 -7.860635 14.73532 7.499992 -8.316914 15.09279 7.499992 -8.812953 15.39266 7.499992 -9.341522 15.63055 7.499992 -9.894909 15.80299 7.499992 -10.46505 15.90748 7.499992 -11.04362 15.94247 7.499992 -11.6222 15.90748 7.499992 -12.19234 15.80299 7.499992 -12.74573 15.63055 7.499992 -13.2743 15.39266 7.499992 -13.77033 15.09279 7.499992 -14.22661 14.73532 7.499992 -14.63648 14.32546 7.499992 -14.99395 13.86918 7.499992 -15.29381 13.37314 7.499992 -15.5317 12.84458 7.499992 -15.70414 12.29119 7.499992 -15.80863 11.72105 7.499992 -15.84362 11.14247 7.499992 -15.80863 10.5639 7.499992 -15.70414 9.99376 7.499992 -15.5317 9.440371 7.499992 -15.29381 8.911803 7.499992 -14.99395 8.415763 7.499992 -14.63648 7.959485 7.499992 -14.22661 7.549621 7.499992 -13.77033 7.19215 7.499992 -13.2743 6.892284 7.499992 -12.74573 6.654394 7.499992 -12.19234 6.481952 7.499992 -11.6222 6.37747 7.499992 -11.04362 6.342472 7.499992 -10.46505 6.37747 7.499992 -9.894909 6.481952 7.499992 -9.341522 6.654394 7.499992 -8.812953 6.892284 7.499992 -8.316914 7.19215 7.499992 -7.860635 7.549621 7.499992 -7.450772 7.959485 7.499992 -7.093301 8.415763 7.499992 -6.793434 8.911803 7.499992 -6.555545 9.440371 7.499992 -6.383102 9.99376 7.499992 -10.23415 -0.8369629 2.999992 -10.26862 0.007473289 2.999992 -10.23415 0.8519097 2.999992 -10.13097 -1.675779 2.999992 -9.959752 -2.503394 2.999992 -9.721648 -3.3143 2.999992 -9.418241 -4.1031 2.999992 -9.051548 -4.864544 2.999992 -8.624011 -5.593566 2.999992 -8.138475 -6.285314 2.999992 -7.598169 -6.935184 2.999992 -7.006691 -7.538853 2.999992 -6.367978 -8.092301 2.999992 -5.686278 -8.591847 2.999992 -4.966129 -9.034165 2.999992 -4.212323 -9.416314 2.999992 -3.429877 -9.735749 2.999992 -2.623997 -9.990344 2.999992 -1.800047 -10.1784 2.999992 -0.9635098 -10.29868 2.999992 -0.1199524 -10.35037 2.999992 0.7250116 -10.33313 2.999992 1.565758 -10.24708 2.999992 2.396693 -10.09278 2.999992 3.212287 -9.871268 2.999992 4.007111 -9.584013 2.999992 4.775878 -9.23293 2.999992 5.513469 -8.820353 2.999992 6.214975 -8.349028 2.999992 6.875734 -7.822093 2.999992 7.491343 -7.243052 2.999992 8.057703 -6.615761 2.999992 8.57105 -5.944393 2.999992 9.027967 -5.233417 2.999992 9.425413 -4.487563 2.999992 9.760744 -3.711795 2.999992 10.03172 -2.911276 2.999992 10.23655 -2.091333 2.999992 10.37387 -1.257424 2.999992 10.44275 -0.4150965 2.999992 10.44275 0.4300433 2.999992 10.37387 1.27237 2.999992 10.23655 2.10628 2.999992 10.03172 2.926223 2.999992 9.760744 3.726741 2.999992 9.425413 4.502508 2.999992 9.027967 5.248361 2.999992 8.57105 5.959339 2.999992 8.057703 6.630706 2.999992 7.491343 7.257997 2.999992 6.875734 7.837038 2.999992 6.214975 8.363975 2.999992 5.513469 8.835301 2.999992 4.775878 9.247878 2.999992 4.007111 9.598961 2.999992 3.212287 9.886216 2.999992 2.396693 10.10773 2.999992 1.565758 10.26202 2.999992 0.7250116 10.34808 2.999992 -0.1199524 10.36532 2.999992 -0.9635098 10.31363 2.999992 -1.800047 10.19335 2.999992 -2.623997 10.00529 2.999992 -3.429877 9.750697 2.999992 -4.212323 9.431262 2.999992 -4.966129 9.049113 2.999992 -5.686278 8.606794 2.999992 -6.367978 8.107248 2.999992 -7.006691 7.553798 2.999992 -7.598169 6.95013 2.999992 -8.138475 6.30026 2.999992 -8.624011 5.60851 2.999992 -9.051548 4.879489 2.999992 -9.418241 4.118046 2.999992 -9.721648 3.329246 2.999992 -9.959752 2.518341 2.999992 -10.13097 1.690726 2.999992 15.99138 -11.7061 7.499992 16.02638 -11.12753 7.499992 15.99138 -10.54895 7.499992 15.88689 -9.978812 7.499992 15.71445 -9.425423 7.499992 15.47656 -8.896855 7.499992 15.1767 -8.400816 7.499992 14.81923 -7.944538 7.499992 14.40936 -7.534676 7.499992 13.95309 -7.177205 7.499992 13.45705 -6.877338 7.499992 12.92848 -6.639449 7.499992 12.37509 -6.467007 7.499992 11.80495 -6.362524 7.499992 11.22638 -6.327527 7.499992 10.6478 -6.362524 7.499992 10.07766 -6.467007 7.499992 9.524274 -6.639449 7.499992 8.995706 -6.877338 7.499992 8.499666 -7.177205 7.499992 8.043387 -7.534676 7.499992 7.633524 -7.944538 7.499992 7.276052 -8.400816 7.499992 6.976187 -8.896855 7.499992 6.738298 -9.425423 7.499992 6.565855 -9.978812 7.499992 6.461374 -10.54895 7.499992 6.426378 -11.12753 7.499992 6.461374 -11.7061 7.499992 6.565855 -12.27624 7.499992 6.738298 -12.82963 7.499992 6.976187 -13.3582 7.499992 7.276052 -13.85424 7.499992 7.633524 -14.31051 7.499992 8.043387 -14.72038 7.499992 8.499666 -15.07785 7.499992 8.995706 -15.37772 7.499992 9.524274 -15.6156 7.499992 10.07766 -15.78805 7.499992 10.6478 -15.89253 7.499992 11.22638 -15.92753 7.499992 11.80495 -15.89253 7.499992 12.37509 -15.78805 7.499992 12.92848 -15.6156 7.499992 13.45705 -15.37772 7.499992 13.95309 -15.07785 7.499992 14.40936 -14.72038 7.499992 14.81923 -14.31051 7.499992 15.1767 -13.85424 7.499992 15.47656 -13.3582 7.499992 15.71445 -12.82963 7.499992 15.88689 -12.27624 7.499992 -8.258344 10.70133 7.499992 -8.223625 11.14247 7.499992 -8.361645 10.27105 7.499992 -8.530986 9.862221 7.499992 -8.762197 9.484919 7.499992 -9.049584 9.148432 7.499992 -9.386071 8.861046 7.499992 -9.763372 8.629837 7.499992 -10.1722 8.460494 7.499992 -10.60248 8.357192 7.499992 -11.04362 8.322475 7.499992 -11.48477 8.357192 7.499992 -11.91505 8.460494 7.499992 -12.32388 8.629837 7.499992 -12.70118 8.861046 7.499992 -13.03767 9.148432 7.499992 -13.32505 9.484919 7.499992 -13.55626 9.862221 7.499992 -13.7256 10.27105 7.499992 -13.8289 10.70133 7.499992 -13.86362 11.14247 7.499992 -13.8289 11.58362 7.499992 -13.7256 12.0139 7.499992 -13.55626 12.42272 7.499992 -13.32505 12.80003 7.499992 -13.03767 13.13651 7.499992 -12.70118 13.4239 7.499992 -12.32388 13.65511 7.499992 -11.91505 13.82445 7.499992 -11.48477 13.92776 7.499992 -11.04362 13.96247 7.499992 -10.60248 13.92776 7.499992 -10.1722 13.82445 7.499992 -9.763372 13.65511 7.499992 -9.386071 13.4239 7.499992 -9.049584 13.13651 7.499992 -8.762197 12.80003 7.499992 -8.530986 12.42272 7.499992 -8.361645 12.0139 7.499992 -8.258344 11.58362 7.499992 -8.258344 -11.56867 7.499992 -8.223625 -11.12753 7.499992 -8.361645 -11.99895 7.499992 -8.530986 -12.40778 7.499992 -8.762197 -12.78508 7.499992 -9.049584 -13.12157 7.499992 -9.386071 -13.40895 7.499992 -9.763372 -13.64017 7.499992 -10.1722 -13.80951 7.499992 -10.60248 -13.91281 7.499992 -11.04362 -13.94753 7.499992 -11.48477 -13.91281 7.499992 -11.91505 -13.80951 7.499992 -12.32388 -13.64017 7.499992 -12.70118 -13.40895 7.499992 -13.03767 -13.12157 7.499992 -13.32505 -12.78508 7.499992 -13.55626 -12.40778 7.499992 -13.7256 -11.99895 7.499992 -13.8289 -11.56867 7.499992 -13.86362 -11.12753 7.499992 -13.8289 -10.68638 7.499992 -13.7256 -10.2561 7.499992 -13.55626 -9.847273 7.499992 -13.32505 -9.469971 7.499992 -13.03767 -9.133484 7.499992 -12.70118 -8.846098 7.499992 -12.32388 -8.614888 7.499992 -11.91505 -8.445548 7.499992 -11.48477 -8.342246 7.499992 -11.04362 -8.307526 7.499992 -10.60248 -8.342246 7.499992 -10.1722 -8.445548 7.499992 -9.763372 -8.614888 7.499992 -9.386071 -8.846098 7.499992 -9.049584 -9.133484 7.499992 -8.762197 -9.469971 7.499992 -8.530986 -9.847273 7.499992 -8.361645 -10.2561 7.499992 -8.258344 -10.68638 7.499992 14.01166 10.70133 7.499992 14.04638 11.14247 7.499992 13.90836 10.27105 7.499992 13.73901 9.862221 7.499992 13.5078 9.484919 7.499992 13.22042 9.148432 7.499992 12.88393 8.861046 7.499992 12.50663 8.629837 7.499992 12.0978 8.460494 7.499992 11.66752 8.357192 7.499992 11.22638 8.322475 7.499992 10.78523 8.357192 7.499992 10.35495 8.460494 7.499992 9.946123 8.629837 7.499992 9.568822 8.861046 7.499992 9.232336 9.148432 7.499992 8.944948 9.484919 7.499992 8.713739 9.862221 7.499992 8.544397 10.27105 7.499992 8.441095 10.70133 7.499992 8.406377 11.14247 7.499992 8.441095 11.58362 7.499992 8.544397 12.0139 7.499992 8.713739 12.42272 7.499992 8.944948 12.80003 7.499992 9.232336 13.13651 7.499992 9.568822 13.4239 7.499992 9.946123 13.65511 7.499992 10.35495 13.82445 7.499992 10.78523 13.92776 7.499992 11.22638 13.96247 7.499992 11.66752 13.92776 7.499992 12.0978 13.82445 7.499992 12.50663 13.65511 7.499992 12.88393 13.4239 7.499992 13.22042 13.13651 7.499992 13.5078 12.80003 7.499992 13.73901 12.42272 7.499992 13.90836 12.0139 7.499992 14.01166 11.58362 7.499992 14.01166 -11.56867 7.499992 14.04638 -11.12753 7.499992 13.90836 -11.99895 7.499992 13.73901 -12.40778 7.499992 13.5078 -12.78508 7.499992 13.22042 -13.12157 7.499992 12.88393 -13.40895 7.499992 12.50663 -13.64017 7.499992 12.0978 -13.80951 7.499992 11.66752 -13.91281 7.499992 11.22638 -13.94753 7.499992 10.78523 -13.91281 7.499992 10.35495 -13.80951 7.499992 9.946123 -13.64017 7.499992 9.568822 -13.40895 7.499992 9.232336 -13.12157 7.499992 8.944948 -12.78508 7.499992 8.713739 -12.40778 7.499992 8.544397 -11.99895 7.499992 8.441095 -11.56867 7.499992 8.406377 -11.12753 7.499992 8.441095 -10.68638 7.499992 8.544397 -10.2561 7.499992 8.713739 -9.847273 7.499992 8.944948 -9.469971 7.499992 9.232336 -9.133484 7.499992 9.568822 -8.846098 7.499992 9.946123 -8.614888 7.499992 10.35495 -8.445548 7.499992 10.78523 -8.342246 7.499992 11.22638 -8.307526 7.499992 11.66752 -8.342246 7.499992 12.0978 -8.445548 7.499992 12.50663 -8.614888 7.499992 12.88393 -8.846098 7.499992 13.22042 -9.133484 7.499992 13.5078 -9.469971 7.499992 13.73901 -9.847273 7.499992 13.90836 -10.2561 7.499992 14.01166 -10.68638 7.499992 -6.678709 -0.04570883 12.89391 -6.713624 0.6427415 12.89391 -6.574325 -0.7270948 12.89391 -6.401541 -1.394424 12.89391 -6.162132 -2.04085 12.89391 -5.858552 -2.659738 12.89391 -5.493919 -3.244739 12.89391 -5.071973 -3.789849 12.89391 -4.597043 -4.289474 12.89391 -4.074005 -4.738488 12.89391 -3.508224 -5.132283 12.89391 -2.905507 -5.466819 12.89391 -2.272037 -5.738662 12.89391 -1.614315 -5.945024 12.89391 -0.9390907 -6.083786 12.89391 -0.253292 -6.153525 12.89391 0.4360438 -6.153525 12.89391 1.121841 -6.083786 12.89391 1.797066 -5.945024 12.89391 2.454788 -5.738662 12.89391 3.088258 -5.466819 12.89391 3.690976 -5.132283 12.89391 4.256757 -4.738488 12.89391 4.779796 -4.289474 12.89391 5.254725 -3.789849 12.89391 5.676671 -3.244739 12.89391 6.041305 -2.659738 12.89391 6.344884 -2.04085 12.89391 6.584295 -1.394424 12.89391 6.757078 -0.7270948 12.89391 6.861463 -0.04570883 12.89391 6.896375 0.6427415 12.89391 6.861463 1.331192 12.89391 6.757078 2.012578 12.89391 6.584295 2.679908 12.89391 6.344884 3.326333 12.89391 6.041305 3.945221 12.89391 5.676671 4.530222 12.89391 5.254725 5.075331 12.89391 4.779796 5.574955 12.89391 4.256757 6.02397 12.89391 3.690976 6.417765 12.89391 3.088258 6.752301 12.89391 2.454788 7.024144 12.89391 1.797066 7.230505 12.89391 1.121841 7.369267 12.89391 0.4360438 7.439007 12.89391 -0.253292 7.439007 12.89391 -0.9390907 7.369267 12.89391 -1.614315 7.230505 12.89391 -2.272037 7.024144 12.89391 -2.905507 6.752301 12.89391 -3.508224 6.417765 12.89391 -4.074005 6.02397 12.89391 -4.597043 5.574955 12.89391 -5.071973 5.075331 12.89391 -5.493919 4.530222 12.89391 -5.858552 3.945221 12.89391 -6.162132 3.326333 12.89391 -6.401541 2.679908 12.89391 -6.574325 2.012578 12.89391 -6.678709 1.331192 12.89391 0.4588754 18.22342 4.999992 0.09137606 18.25747 4.999992 -0.2761223 18.22342 4.999992 -0.6311066 18.12242 4.999992 -0.961488 17.95791 4.999992 -1.256015 17.73549 4.999992 -1.504658 17.46274 4.999992 -1.69895 17.14895 4.999992 -1.832275 16.8048 4.999992 -1.900092 16.44201 4.999992 -1.900092 16.07294 4.999992 -1.832275 15.71015 4.999992 -1.69895 15.366 4.999992 -1.504658 15.0522 4.999992 -1.256015 14.77945 4.999992 -0.961488 14.55704 4.999992 -0.6311066 14.39253 4.999992 -0.2761223 14.29152 4.999992 0.09137606 14.25747 4.999992 0.4588754 14.29152 4.999992 0.8138597 14.39253 4.999992 1.144241 14.55704 4.999992 1.438768 14.77945 4.999992 1.687411 15.0522 4.999992 1.881703 15.366 4.999992 2.015028 15.71015 4.999992 2.082844 16.07294 4.999992 2.082844 16.44201 4.999992 2.015028 16.8048 4.999992 1.881703 17.14895 4.999992 1.687411 17.46274 4.999992 1.438768 17.73549 4.999992 1.144241 17.95791 4.999992 0.8138597 18.12242 4.999992 0.09137606 16.25747 6.154716 6.861464 0.6959239 17.74999 6.896376 0.007473289 17.74999 6.861464 -0.6809771 17.74999 6.757078 -1.362363 17.74999 6.584295 -2.029693 17.74999 6.344885 -2.676118 17.74999 6.041306 -3.295006 17.74999 5.676672 -3.880007 17.74999 5.254725 -4.425117 17.74999 4.779797 -4.924742 17.74999 4.256758 -5.373756 17.74999 3.690977 -5.767551 17.74999 3.088258 -6.102087 17.74999 2.454789 -6.37393 17.74999 1.797066 -6.580292 17.74999 1.121842 -6.719054 17.74999 0.4360445 -6.788793 17.74999 -0.2532914 -6.788793 17.74999 -0.93909 -6.719054 17.74999 -1.614314 -6.580292 17.74999 -2.272036 -6.37393 17.74999 -2.905506 -6.102087 17.74999 -3.508224 -5.767551 17.74999 -4.074005 -5.373756 17.74999 -4.597043 -4.924742 17.74999 -5.071972 -4.425117 17.74999 -5.493918 -3.880007 17.74999 -5.858552 -3.295006 17.74999 -6.162131 -2.676118 17.74999 -6.401541 -2.029693 17.74999 -6.574325 -1.362363 17.74999 -6.678709 -0.6809771 17.74999 -6.713623 0.007473289 17.74999 -6.678709 0.6959239 17.74999 -6.574325 1.37731 17.74999 -6.401541 2.04464 17.74999 -6.162131 2.691065 17.74999 -5.858552 3.309953 17.74999 -5.493918 3.894954 17.74999 -5.071972 4.440063 17.74999 -4.597043 4.939687 17.74999 -4.074005 5.388702 17.74999 -3.508224 5.782497 17.74999 -2.905506 6.117033 17.74999 -2.272036 6.388875 17.74999 -1.614314 6.595237 17.74999 -0.93909 6.733999 17.74999 -0.2532914 6.803739 17.74999 0.4360445 6.803739 17.74999 1.121842 6.733999 17.74999 1.797066 6.595237 17.74999 2.454789 6.388875 17.74999 3.088258 6.117033 17.74999 3.690977 5.782497 17.74999 4.256758 5.388702 17.74999 4.779797 4.939687 17.74999 5.254725 4.440063 17.74999 5.676672 3.894954 17.74999 6.041306 3.309953 17.74999 6.344885 2.691065 17.74999 6.584295 2.04464 17.74999 6.757078 1.37731 17.74999</float_array>
          <technique_common>
            <accessor source="#apex_v3_1-mesh-positions-array" count="1765" stride="3">
              <param name="X" type="float"/>
              <param name="Y" type="float"/>
              <param name="Z" type="float"/>
            </accessor>
          </technique_common>
        </source>
        <source id="apex_v3_1-mesh-normals">
          <float_array id="apex_v3_1-mesh-normals-array" count="6798">-0.8062645 -0.1108218 0.5810818 -0.8047807 -0.1059521 0.5840395 -0.8047807 0.1059521 0.5840395 -0.6217952 0.08185642 0.7788904 -0.6217672 0.08186089 0.7789123 -0.3927727 0.05170863 0.9181808 -0.3927556 0.05170816 0.9181882 -0.1342615 0.01767545 0.9907884 -0.7479007 -0.3097887 0.5870908 -0.7480618 -0.3249273 0.5786415 -0.6406312 -0.4915765 0.589868 -0.6338801 -0.5156964 0.5764142 -0.4904801 -0.6391909 0.592338 -0.4720433 -0.6687458 0.5744165 -0.3077082 -0.7428687 0.5945265 -0.2745435 -0.7724701 0.5726394 -0.1047462 -0.7957995 0.5964323 -0.05602955 -0.8189701 0.5710945 0.1046247 -0.7945975 0.5980539 0.1672065 -0.8046061 0.5697817 0.306303 -0.7395212 0.5994055 0.3784239 -0.7303222 0.5687046 0.4867888 -0.6343986 0.6004791 0.5618174 -0.6015698 0.567869 0.633917 -0.4864242 0.6012827 0.7036448 -0.427897 0.5672638 0.7378471 -0.3056204 0.6018123 0.7932369 -0.2222548 0.5669023 0.7915938 -0.1042206 0.6020942 0.8238685 0 0.5667811 0.7915971 0.1042199 0.6020898 0.7932371 0.2222549 0.566902 0.7378428 0.3056224 0.6018164 0.7036442 0.4278966 0.5672647 0.6339276 0.4864181 0.6012763 0.5618172 0.6015698 0.5678691 0.486803 0.6343929 0.6004736 0.3784366 0.7303177 0.5687021 0.3063027 0.7395205 0.5994065 0.1671845 0.8046092 0.5697838 0.1046248 0.7945979 0.5980533 -0.05602586 0.8189705 0.5710943 -0.1047462 0.7957994 0.5964325 -0.2745435 0.7724701 0.5726394 -0.3077079 0.7428679 0.5945277 -0.4720429 0.6687452 0.5744174 -0.4904834 0.6391891 0.5923372 -0.6338799 0.5156963 0.5764145 -0.640631 0.4915764 0.5898683 -0.7480488 0.3249346 0.5786541 -0.7479007 0.3097887 0.5870909 -0.8062642 0.1108218 0.5810822 -0.1251419 0.05182188 0.9907846 -0.1073683 0.08243805 0.9907957 -0.08243227 0.1074337 0.9907891 -0.0518288 0.1251098 0.9907882 -0.01762002 0.1342592 0.9907896 0.01761978 0.1342592 0.9907896 0.05182874 0.1251097 0.9907884 0.107419 0.08243733 0.9907903 0.1251414 0.0518217 0.9907846 0.134261 0.01767534 0.9907884 0.134261 -0.01767534 0.9907884 0.1251415 -0.05182176 0.9907846 0.107368 -0.08243781 0.9907958 0.08243232 -0.1074337 0.9907891 0.01772278 -0.134259 0.9907878 -0.01772302 -0.134259 0.9907878 -0.0518288 -0.1251099 0.9907882 -0.0824325 -0.1074339 0.9907891 -0.1074193 -0.08243757 0.9907903 -0.1251419 -0.05182188 0.9907846 -0.1342615 -0.01767545 0.9907884 -0.3927552 -0.05170828 0.9181883 -0.6217847 -0.0818597 0.7788985 -0.6217944 -0.08185636 0.7788911 -0.579399 -0.2399961 0.7789087 -0.579393 -0.2400032 0.778911 -0.4975526 -0.3817833 0.7788986 -0.4975523 -0.3817813 0.7788998 -0.3817656 -0.4975524 0.7789074 -0.381773 -0.4975495 0.7789056 -0.2400243 -0.5794029 0.7788971 -0.2399783 -0.5794101 0.7789059 -0.08188217 -0.6217793 0.7789005 -0.08186542 -0.6217799 0.7789018 0.08188152 -0.6217789 0.7789008 0.08186507 -0.6217803 0.7789015 0.2399993 -0.5794069 0.7789018 0.239996 -0.5794072 0.7789027 0.381765 -0.4975517 0.7789081 0.3817734 -0.49755 0.7789052 0.4975327 -0.381785 0.7789103 0.4975517 -0.381781 0.7789002 0.5794073 -0.2399986 0.7789017 0.5794185 -0.2399952 0.7788944 0.621769 -0.08186072 0.7789109 0.621795 -0.08185964 0.7788903 0.6217847 0.08185929 0.7788985 0.6217955 0.08185976 0.77889 0.5793992 0.2400008 0.7789071 0.5793929 0.2400002 0.778912 0.4975553 0.3817781 0.7788994 0.4975526 0.3817817 0.7788994 0.3817766 0.4975498 0.7789037 0.3817573 0.4975533 0.7789109 0.2400248 0.5794042 0.778896 0.239996 0.5794071 0.7789027 0.08182859 0.6217818 0.7789041 0.08186501 0.6217798 0.7789019 -0.08182919 0.6217815 0.7789042 -0.08186542 0.6217797 0.7789019 -0.2399993 0.579407 0.7789018 -0.240014 0.5794052 0.7788985 -0.3817651 0.4975519 0.7789079 -0.3817896 0.4975466 0.7788993 -0.4975302 0.3817879 0.7789107 -0.4975529 0.3817819 0.7788992 -0.5794107 0.2399954 0.7789002 -0.5794162 0.2399972 0.7788956 0.05182874 -0.1251097 0.9907882 0.08243209 0.1074334 0.9907892 -0.3659735 -0.1516022 0.918194 -0.3927729 -0.05170851 0.9181807 -0.3660019 -0.1515984 0.9181833 -0.3142564 -0.2411655 0.918195 -0.3142732 -0.2411641 0.9181897 -0.2412317 -0.314282 0.9181689 -0.2411636 -0.3142889 0.9181845 -0.1515947 -0.3659982 0.9181854 -0.1516238 -0.3659955 0.9181817 -0.05166447 -0.3927636 0.9181871 -0.05168944 -0.392764 0.9181855 0.05166387 -0.3927645 0.9181868 0.05168902 -0.3927637 0.9181857 0.1515944 -0.3659976 0.9181857 0.1516239 -0.3659958 0.9181816 0.2411354 -0.3142907 0.9181913 0.2411885 -0.3142865 0.9181787 0.3142101 -0.2411693 0.91821 0.3142991 -0.2411609 0.9181816 0.3660185 -0.1515996 0.9181765 0.3659784 -0.1516026 0.9181919 0.3927556 -0.05170792 0.9181881 0.3927727 -0.05170863 0.9181808 0.3927552 0.05170828 0.9181883 0.3927729 0.05170845 0.9181807 0.3659735 0.1516022 0.918194 0.3660017 0.1516011 0.918183 0.3142571 0.2411663 0.9181947 0.3142983 0.2411601 0.9181821 0.2411343 0.3142889 0.9181921 0.2411884 0.3142865 0.9181788 0.1515946 0.3659979 0.9181857 0.1515588 0.3659998 0.9181907 0.05176651 0.3927623 0.918182 0.05171895 0.392763 0.9181843 -0.05176717 0.3927621 0.9181821 -0.05171936 0.3927632 0.9181843 -0.1515945 0.3659979 0.9181856 -0.1515588 0.3659999 0.9181906 -0.2411348 0.3142898 0.9181917 -0.2411629 0.314288 0.9181849 -0.3143028 0.2411615 0.9181803 -0.3142727 0.2411639 0.9181899 -0.3660174 0.1515991 0.918177 -0.3659791 0.1516001 0.9181922 -0.8725424 0.1199273 0.4735899 -0.8779442 0.07372432 0.4730526 -0.8811017 0 0.4729269 -0.8079242 0.3509309 0.4733985 -0.8320571 0.2897521 0.4729954 -0.8534157 0.21912 0.4729355 -0.6832664 0.5558774 0.4734421 -0.6903969 0.5472045 0.4732012 -0.7338757 0.4875854 0.4729555 -0.507907 0.7195354 0.4736026 -0.5326537 0.7017437 0.4731131 -0.5895701 0.654784 0.4729326 -0.294938 0.8299039 0.4735727 -0.3414167 0.8121984 0.4730416 -0.4082112 0.7808352 0.4729272 -0.06012088 0.8788223 0.4733467 -0.1287078 0.8716176 0.4729877 -0.2012005 0.8578157 0.4729382 0.179201 0.8623807 0.4734835 0.165076 0.8653587 0.4731854 0.09210056 0.8762621 0.4729505 0.4052029 0.7819871 0.4736104 0.3751114 0.7971621 0.4731006 0.3071295 0.825838 0.4729304 0.6011757 0.6436939 0.4735461 0.5615991 0.6788574 0.4730319 0.5028577 0.7235147 0.4729278 0.7526643 0.4577042 0.4732901 0.7128027 0.5178822 0.4729803 0.6669846 0.5757235 0.4729418 0.8481224 0.2376348 0.4735169 0.8433703 0.2546304 0.4731699 0.8192186 0.3243501 0.4729462 0.8807325 0 0.473614 0.8802428 0.03689128 0.4730874 0.8741527 0.110432 0.472929 0.8481222 -0.2376347 0.4735172 0.8617978 -0.1831789 0.4730223 0.874153 -0.1104319 0.4729284 0.7526614 -0.4577065 0.4732925 0.7535132 -0.456345 0.4732517 0.7891905 -0.3917577 0.4729738 0.601176 -0.6436942 0.4735454 0.6163879 -0.6294367 0.4731549 0.6669836 -0.5757243 0.4729426 0.4051808 -0.7819958 0.4736149 0.4405133 -0.7629864 0.4730749 0.5028553 -0.7235164 0.4729279 0.1792139 -0.8623787 0.4734824 0.236932 -0.8486001 0.4730127 0.3071295 -0.825838 0.4729303 -0.06012088 -0.8788225 0.4733463 -0.05531275 -0.8791983 0.4732345 0.01845133 -0.880887 0.4729669 -0.2949501 -0.8299005 0.4735712 -0.2722412 -0.8378681 0.4731404 -0.2012005 -0.8578158 0.4729382 -0.5078973 -0.7195405 0.4736051 -0.4720813 -0.7438752 0.4730635 -0.4082083 -0.7808365 0.4729276 -0.6832666 -0.5558776 0.4734414 -0.6422653 -0.6031271 0.4730044 -0.5895701 -0.654784 0.4729325 -0.8079262 -0.3509289 0.4733965 -0.8047836 -0.3583133 0.4732177 -0.7720994 -0.4244645 0.4729613 -0.8725421 -0.1199275 0.4735902 -0.8686569 -0.1469225 0.4731268 -0.8534158 -0.2191201 0.4729354 0.8617981 0.1831788 0.4730218 0.7891913 0.3917576 0.4729728 0.7535129 0.4563449 0.4732521 0.6163877 0.6294366 0.4731552 0.4405089 0.7629886 0.4730757 0.2369338 0.8485999 0.4730125 0.01845127 0.880887 0.4729669 -0.05531656 0.8791981 0.4732345 -0.2722375 0.837869 0.473141 -0.4720794 0.7438764 0.4730634 -0.6422656 0.6031268 0.4730044 -0.7720997 0.4244642 0.4729611 -0.8047836 0.3583141 0.4732173 -0.8686572 0.1469224 0.4731262 -0.8779444 -0.07372426 0.4730522 -0.8320567 -0.2897525 0.472996 -0.7338758 -0.4875857 0.4729551 -0.6903967 -0.5472043 0.4732017 -0.5326541 -0.7017439 0.4731124 -0.341417 -0.8121985 0.4730414 -0.1287065 -0.8716177 0.4729877 0.09209948 -0.8762623 0.4729506 0.1650722 -0.8653593 0.4731855 0.3751154 -0.7971608 0.4730997 0.5616008 -0.6788563 0.4730315 0.7128036 -0.5178815 0.4729797 0.8192192 -0.3243492 0.4729456 0.8433701 -0.2546306 0.4731702 0.8802428 -0.03689128 0.4730874 0 0 -1 0 0 -1 0 0 -1 4.71478e-7 0 -1 1.19337e-7 0 -1 -1.23669e-7 0 -1 1.30093e-7 0 -1 1.51101e-7 0 -1 1.8895e-7 0 -1 3.17627e-7 0 -1 2.02262e-7 0 -1 -4.64679e-7 0 -1 6.41234e-7 0 -1 3.87251e-7 0 -1 -9.57891e-7 0 -1 5.60704e-7 0 -1 1.67229e-6 0 -1 -2.76429e-6 0 -1 2.06851e-6 0 -1 -2.42522e-7 0 -1 4.94677e-7 0 -1 2.60186e-7 0 -1 -1.0737e-6 0 -1 2.11541e-6 0 -1 -2.53752e-6 0 -1 -1.50536e-6 0 -1 -3.54599e-7 0 -1 -2.53156e-6 0 -1 2.2387e-6 0 -1 0 0 -1 6.50018e-6 0 -1 -6.06078e-6 0 -1 7.686e-6 0 -1 5.41379e-7 0 -1 1.28247e-6 0 -1 -1.23921e-5 0 -1 1.91578e-6 0 -1 2.44004e-6 0 -1 1.34569e-5 0 -1 -3.34453e-5 0 -1 4.43861e-5 0 -1 -2.21144e-5 0 -1 -1.32382e-4 0 -1 0.8610077 -0.03608572 0.5073102 0.8996357 0 0.4366415 0.8610138 0.036085 0.5073001 0.896482 0.0752781 0.4366386 0.8549671 0.108009 0.5073119 0.8870394 0.15003 0.4366374 0.8429363 0.1791694 0.5073035 0.8713789 0.2237303 0.4366275 0.8249878 0.2490795 0.5073013 0.8495938 0.2958613 0.4366424 0.8012481 0.3172364 0.507309 0.8218597 0.3659206 0.4366334 0.7718952 0.383176 0.5073007 0.7883573 0.4334116 0.4366317 0.7371256 0.4464239 0.5072983 0.7493336 0.4978494 0.4366294 0.6971914 0.5065311 0.5072972 0.7050406 0.5588118 0.4366316 0.6523575 0.5630974 0.5072977 0.6558046 0.6158503 0.4366333 0.6029528 0.6157087 0.5072976 0.6019741 0.6685667 0.4366301 0.5493149 0.6640055 0.5072966 0.5439254 0.7165873 0.4366326 0.4918283 0.7076359 0.507303 0.4820516 0.7595905 0.4366334 0.4308836 0.7463133 0.5073026 0.4168069 0.7972629 0.4366278 0.3669205 0.7797545 0.507299 0.3486284 0.8293457 0.4366281 0.3003873 0.8077248 0.507295 0.2780135 0.8556103 0.436623 0.2317447 0.8300297 0.5072921 0.205434 0.8758721 0.4366291 0.161483 0.8465044 0.5073003 0.1314202 0.8899861 0.436639 0.09007924 0.857051 0.5072962 0.05648946 0.8978664 0.4366291 0.01804697 0.8615753 0.507309 -0.01884043 0.8994445 0.4366288 -0.05411195 0.8600661 0.5073049 -0.09403955 0.8947085 0.4366389 -0.1258903 0.8525232 0.5073026 -0.1685794 0.8837013 0.4366384 -0.1967842 0.8390006 0.5073007 -0.24193 0.8665016 0.4366293 -0.2663002 0.8195888 0.5073052 -0.3135927 0.8432147 0.4366332 -0.3339442 0.7944374 0.5072973 -0.3830579 0.8140193 0.4366227 -0.3992633 0.7637025 0.5072941 -0.4498176 0.7791116 0.436634 -0.4617612 0.7276162 0.5072981 -0.5134375 0.7387377 0.4366334 -0.5210311 0.686419 0.5073025 -0.5734543 0.69318 0.436637 -0.5766348 0.6404229 0.5072976 -0.6294438 0.6427714 0.4366295 -0.6281972 0.5899259 0.5073025 -0.6810293 0.587836 0.4366325 -0.675364 0.5352886 0.5072965 -0.727828 0.5287946 0.4366265 -0.7177959 0.476891 0.5072908 -0.7695268 0.4660311 0.4366275 -0.7551705 0.4151621 0.5073047 -0.8058211 0.4000071 0.4366313 -0.7872624 0.3505168 0.5073027 -0.8364685 0.3311794 0.4366244 -0.8138303 0.2834094 0.507306 -0.8612468 0.2600218 0.4366264 -0.8346945 0.2143148 0.507301 -0.8799797 0.1870447 0.4366352 -0.8496994 0.1437177 0.5073028 -0.8925431 0.1127575 0.4366378 -0.8587477 0.07211208 0.507299 -0.8988533 0.03767138 0.4366277 -0.8617713 0 0.507297 -0.8988532 -0.03767138 0.4366278 -0.8587478 -0.07211208 0.507299 -0.8925481 -0.112755 0.4366283 -0.8496996 -0.1437177 0.5073027 -0.8799797 -0.1870447 0.4366348 -0.8346949 -0.2143149 0.5073004 -0.8612465 -0.2600218 0.436627 -0.813834 -0.2834066 0.5073015 -0.8364601 -0.3311856 0.4366357 -0.7872656 -0.350513 0.5073005 -0.8058136 -0.4000155 0.4366374 -0.755173 -0.4151635 0.5072998 -0.7695168 -0.4660398 0.4366356 -0.7177846 -0.476899 0.5072994 -0.7278252 -0.5287925 0.4366338 -0.6753619 -0.535287 0.5073008 -0.6810302 -0.5878368 0.4366301 -0.6282038 -0.5899211 0.5072999 -0.6294568 -0.6427599 0.4366278 -0.5766296 -0.6404236 0.5073027 -0.5734558 -0.6931818 0.436632 -0.521014 -0.6864274 0.5073087 -0.5134375 -0.7387377 0.4366334 -0.4617579 -0.7276203 0.5072951 -0.4498296 -0.7791115 0.4366219 -0.3992491 -0.7637089 0.5072955 -0.3830579 -0.8140193 0.4366227 -0.3339432 -0.794435 0.5073017 -0.3135927 -0.8432147 0.4366332 -0.2662996 -0.8195916 0.507301 -0.2419293 -0.8664992 0.4366341 -0.1967849 -0.8390005 0.5073007 -0.1685794 -0.8837013 0.4366384 -0.1258887 -0.8525221 0.5073049 -0.09403955 -0.8947085 0.4366389 -0.05411207 -0.8600687 0.5073005 -0.01884031 -0.8994398 0.4366386 0.01804703 -0.8615779 0.5073047 0.05648946 -0.8978664 0.4366291 0.09007751 -0.8570485 0.5073006 0.1314202 -0.8899861 0.436639 0.1614806 -0.8465034 0.5073027 0.205434 -0.8758721 0.4366291 0.2317426 -0.8300275 0.5072966 0.2780135 -0.8556103 0.436623 0.3003864 -0.8077224 0.5072994 0.3486284 -0.8293457 0.4366281 0.3669211 -0.7797557 0.5072969 0.4168069 -0.7972629 0.4366278 0.4308812 -0.7463142 0.5073032 0.4820528 -0.7595925 0.4366285 0.4918223 -0.7076442 0.5072972 0.5439097 -0.7165986 0.4366335 0.5493137 -0.6640041 0.5072999 0.601971 -0.6685631 0.4366399 0.6029486 -0.6157104 0.5073004 0.6558046 -0.6158503 0.4366333 0.6523658 -0.5630944 0.5072906 0.7050406 -0.5588118 0.4366316 0.6971889 -0.5065292 0.5073027 0.7493336 -0.4978494 0.4366294 0.7371268 -0.4464246 0.5072962 0.7883664 -0.4334033 0.4366234 0.7719011 -0.3831732 0.507294 0.8218592 -0.3659203 0.4366347 0.8012523 -0.3172334 0.5073046 0.8495935 -0.2958611 0.4366431 0.8249881 -0.2490797 0.5073008 0.8713794 -0.2237304 0.4366266 0.842933 -0.1791712 0.5073083 0.8870395 -0.15003 0.4366371 0.8549671 -0.108009 0.5073121 0.8964822 -0.0752781 0.4366384 -0.9991226 0.04187488 8.77149e-4 -0.9999997 0 -8.77189e-4 -0.9991226 -0.04187488 8.77148e-4 -0.9964923 -0.08368057 -8.77214e-4 -0.9921143 -0.1253333 8.77144e-4 -0.985996 -0.1667673 -8.77132e-4 -0.9781477 -0.2079098 8.77239e-4 -0.9685825 -0.2486914 -8.77152e-4 -0.957319 -0.2890323 8.77153e-4 -0.9443761 -0.3288666 -8.77209e-4 -0.9297772 -0.3681219 8.77182e-4 -0.9135443 -0.4067385 -8.77137e-4 -0.8957115 -0.4446348 8.77195e-4 -0.8763058 -0.4817546 -8.77167e-4 -0.8553647 -0.5180256 8.77168e-4 -0.8329213 -0.5533909 -8.77139e-4 -0.8090162 -0.5877858 8.77166e-4 -0.7836925 -0.6211484 -8.77137e-4 -0.7569944 -0.6534208 8.77167e-4 -0.7289693 -0.6845459 -8.77197e-4 -0.6996628 -0.7144728 8.77138e-4 -0.6691303 -0.7431446 -8.77138e-4 -0.6374236 -0.7705131 8.7714e-4 -0.6045973 -0.7965309 -8.77253e-4 -0.570712 -0.8211498 8.7714e-4 -0.5358271 -0.8443273 -8.77137e-4 -0.4999998 -0.8660251 8.7731e-4 -0.4632954 -0.8862035 -8.77025e-4 -0.4257792 -0.9048267 8.77195e-4 -0.387515 -0.9218631 -8.77139e-4 -0.3485732 -0.9372811 8.77024e-4 -0.3090174 -0.9510561 -8.77253e-4 -0.2689194 -0.9631623 8.77082e-4 -0.2283519 -0.9735783 -8.77138e-4 -0.1873816 -0.9822868 8.77138e-4 -0.1460813 -0.9892722 -8.77025e-4 -0.1045278 -0.9945216 8.76911e-4 -0.0627923 -0.9980263 -8.77253e-4 -0.02094286 -0.9997804 8.77138e-4 0.02094286 -0.9997804 -8.77024e-4 0.0627923 -0.9980263 8.77253e-4 0.104528 -0.9945216 -8.77025e-4 0.1460812 -0.9892722 8.77139e-4 0.1873818 -0.9822868 -8.77025e-4 0.228352 -0.9735783 8.77138e-4 0.2689196 -0.9631623 -8.77026e-4 0.3090174 -0.9510561 8.77253e-4 0.348573 -0.9372813 -8.77137e-4 0.3875143 -0.9218633 8.77195e-4 0.4257799 -0.9048264 -8.7714e-4 0.4632954 -0.8862035 8.77082e-4 0.4999991 -0.8660256 -8.77251e-4 0.5358272 -0.8443273 8.77138e-4 0.5707114 -0.8211504 -8.77025e-4 0.6045982 -0.7965301 8.77311e-4 0.6374242 -0.7705127 -8.77027e-4 0.6691294 -0.7431454 8.77194e-4 0.6996637 -0.7144718 -8.77253e-4 0.7289692 -0.684546 8.77311e-4 0.7569944 -0.6534208 -8.77024e-4 0.7836917 -0.6211495 8.77364e-4 0.8090196 -0.5877811 -8.77198e-4 0.8329222 -0.5533897 8.77112e-4 0.855363 -0.5180284 -8.77081e-4 0.8763051 -0.4817558 8.77337e-4 0.8957121 -0.4446336 -8.77168e-4 0.9135443 -0.4067384 8.77109e-4 0.9297771 -0.3681219 -8.77338e-4 0.9443766 -0.3288649 8.76975e-4 0.9573186 -0.289034 -8.77238e-4 0.9685825 -0.2486914 8.77099e-4 0.9781473 -0.2079116 -8.77281e-4 0.9859957 -0.166769 8.77083e-4 0.9921142 -0.125335 -8.77238e-4 0.9964928 -0.08367514 8.77216e-4 0.9991226 -0.04187303 -8.77196e-4 0.9999997 0 8.76999e-4 0.9991226 0.04187303 -8.77197e-4 0.9964928 0.08367514 8.77212e-4 0.9921142 0.125335 -8.77238e-4 0.9859957 0.166769 8.77078e-4 0.9781473 0.2079116 -8.77281e-4 0.9685825 0.2486914 8.77088e-4 0.9573185 0.2890341 -8.77238e-4 0.9443765 0.3288651 8.76968e-4 0.929777 0.3681225 -8.77397e-4 0.9135441 0.4067389 8.77081e-4 0.8957125 0.4446331 -8.7711e-4 0.8763048 0.4817563 8.77394e-4 0.8553626 0.5180292 -8.77025e-4 0.8329222 0.5533897 8.77055e-4 0.8090196 0.5877811 -8.77141e-4 0.7836922 0.621149 8.77335e-4 0.7569944 0.6534208 -8.77024e-4 0.7289687 0.6845466 8.77255e-4 0.6996637 0.7144718 -8.77139e-4 0.6691295 0.7431454 8.77194e-4 0.6374261 0.7705111 -8.76911e-4 0.6046015 0.7965277 8.77365e-4 0.5707129 0.8211492 -8.77251e-4 0.5358266 0.8443277 8.77025e-4 0.4999982 0.8660261 -8.77138e-4 0.4632954 0.8862035 8.77025e-4 0.4257799 0.9048264 -8.77254e-4 0.3875143 0.9218633 8.77195e-4 0.348573 0.9372813 -8.77137e-4 0.3090174 0.9510561 8.77366e-4 0.2689196 0.9631623 -8.77139e-4 0.228352 0.9735783 8.77252e-4 0.1873818 0.9822868 -8.77025e-4 0.1460812 0.9892722 8.77253e-4 0.104528 0.9945216 -8.77025e-4 0.0627923 0.9980263 8.77025e-4 0.02094286 0.9997804 -8.77024e-4 -0.02094286 0.9997804 8.77138e-4 -0.0627923 0.9980263 -8.77025e-4 -0.1045278 0.9945216 8.77025e-4 -0.1460813 0.9892722 -8.77253e-4 -0.1873816 0.9822868 8.77024e-4 -0.2283519 0.9735783 -8.77138e-4 -0.2689195 0.9631623 8.77139e-4 -0.3090174 0.9510561 -8.77366e-4 -0.3485732 0.9372811 8.77138e-4 -0.387515 0.9218631 -8.77139e-4 -0.4257792 0.9048267 8.77252e-4 -0.4632954 0.8862035 -8.77025e-4 -0.499999 0.8660256 8.77196e-4 -0.5358262 0.844328 -8.77024e-4 -0.5707136 0.8211488 8.77196e-4 -0.6046004 0.7965285 -8.77364e-4 -0.6374255 0.7705116 8.77024e-4 -0.6691303 0.7431446 -8.77252e-4 -0.6996628 0.7144727 8.77138e-4 -0.7289687 0.6845465 -8.77255e-4 -0.7569944 0.6534208 8.77195e-4 -0.7836929 0.6211479 -8.77136e-4 -0.8090162 0.5877858 8.77138e-4 -0.8329213 0.5533909 -8.77196e-4 -0.8553642 0.5180265 8.77141e-4 -0.8763056 0.4817549 -8.77196e-4 -0.8957118 0.4446345 8.77166e-4 -0.9135441 0.4067389 -8.7711e-4 -0.929777 0.3681225 8.77212e-4 -0.944376 0.3288667 -8.7721e-4 -0.9573189 0.2890325 8.77153e-4 -0.9685825 0.2486914 -8.77138e-4 -0.9781477 0.2079098 8.77231e-4 -0.985996 0.1667673 -8.77125e-4 -0.9921144 0.1253331 8.77144e-4 -0.9964923 0.08368057 -8.77211e-4 0.9991231 0.04187124 0 0.999123 0.04187309 0 0.999123 -0.04187309 0 0.9991231 -0.0418713 0 0.9921146 -0.125335 0 0.9781476 -0.2079116 0 0.9781473 -0.2079134 0 0.9573194 -0.2890323 0 0.9573189 -0.289034 0 0.9297775 -0.3681219 0 0.9297769 -0.3681237 0 0.8957126 -0.4446336 0 0.8957118 -0.4446352 0 0.8553635 -0.5180285 0 0.8553625 -0.5180301 0 0.8090201 -0.5877811 0 0.8090182 -0.5877836 0 0.7569947 -0.653421 0 0.7569947 -0.6534211 0 0.6996631 -0.7144729 0 0.6996631 -0.714473 0 0.637425 -0.7705126 0 0.6374245 -0.7705128 0 0.5707116 -0.8211506 0 0.5707114 -0.8211507 0 0.4999997 -0.8660256 0 0.4999993 -0.8660258 0 0.4257798 -0.9048269 0 0.3485731 -0.9372817 0 0.3485732 -0.9372816 0 0.2689197 -0.9631626 0 0.2689195 -0.9631627 0 0.1873818 -0.9822872 0 0.1873818 -0.9822872 0 0.1045279 -0.994522 0 0.1045279 -0.994522 0 0.02094292 -0.9997807 0 0.02094286 -0.9997807 0 -0.06279236 -0.9980266 0 -0.06279236 -0.9980266 0 -0.1460813 -0.9892727 0 -0.228352 -0.9735786 0 -0.228352 -0.9735786 0 -0.3090175 -0.9510563 0 -0.3090175 -0.9510564 0 -0.387515 -0.9218634 0 -0.3875152 -0.9218634 0 -0.4632957 -0.8862038 0 -0.4632952 -0.886204 0 -0.5358276 -0.8443274 0 -0.5358275 -0.8443276 0 -0.6045975 -0.7965312 0 -0.6045984 -0.7965306 0 -0.6691306 -0.7431448 0 -0.6691305 -0.7431449 0 -0.7289686 -0.6845471 0 -0.7289686 -0.6845473 0 -0.7836937 -0.6211476 0 -0.7836928 -0.6211487 0 -0.8329207 -0.5533924 0 -0.876307 -0.4817531 0 -0.8763069 -0.4817533 0 -0.9135447 -0.4067385 0 -0.913546 -0.4067355 0 -0.9443764 -0.3288666 0 -0.9443769 -0.3288651 0 -0.9685828 -0.2486914 0 -0.9685832 -0.2486898 0 -0.9859963 -0.1667673 0 -0.9859961 -0.1667691 0 -0.9964931 -0.08367699 0 -0.9964928 -0.08367878 0 -1 0 0 -0.9964929 0.08367878 0 -0.9964931 0.08367699 0 -0.9859961 0.1667691 0 -0.9859963 0.1667673 0 -0.9685832 0.2486897 0 -0.9685828 0.2486915 0 -0.944377 0.3288652 0 -0.9443763 0.3288669 0 -0.9135458 0.406736 0 -0.9135444 0.4067391 0 -0.8763067 0.4817536 0 -0.8763067 0.4817537 0 -0.8329207 0.5533924 0 -0.7836933 0.621148 0 -0.7836942 0.621147 0 -0.7289681 0.6845478 0 -0.728968 0.6845478 0 -0.6691306 0.7431448 0 -0.6691305 0.7431449 0 -0.6046017 0.796528 0 -0.6046009 0.7965287 0 -0.5358269 0.844328 0 -0.5358268 0.844328 0 -0.4632953 0.886204 0 -0.4632956 0.8862039 0 -0.3875153 0.9218633 0 -0.3875149 0.9218636 0 -0.3090175 0.9510563 0 -0.3090175 0.9510564 0 -0.228352 0.9735786 0 -0.228352 0.9735786 0 -0.1460813 0.9892727 0 -0.1460813 0.9892727 0 -0.06279236 0.9980266 0 -0.06279236 0.9980266 0 0.02094292 0.9997807 0 0.02094286 0.9997807 0 0.1045279 0.994522 0 0.1045279 0.994522 0 0.1873818 0.9822872 0 0.1873818 0.9822872 0 0.2689197 0.9631626 0 0.2689197 0.9631627 0 0.3485733 0.9372816 0 0.3485731 0.9372817 0 0.4257798 0.9048269 0 0.4999985 0.8660263 0 0.4999988 0.8660262 0 0.5707131 0.8211496 0 0.5707129 0.8211497 0 0.6374262 0.7705115 0 0.6374266 0.7705112 0 0.6996631 0.7144729 0 0.6996631 0.714473 0 0.7569947 0.653421 0 0.7569947 0.6534211 0 0.8090184 0.5877835 0 0.80902 0.5877813 0 0.855362 0.5180307 0 0.8553629 0.5180294 0 0.895712 0.4446346 0 0.8957128 0.4446333 0 0.9297767 0.3681242 0 0.9297773 0.3681226 0 0.9573188 0.2890341 0 0.9573193 0.2890326 0 0.9781473 0.2079133 0 0.9781477 0.2079117 0 0.9921146 0.125335 0 0.9921145 0.125335 0 -1.85056e-7 0 1 0 0 1 5.09237e-6 0 1 -2.99546e-6 0 1 0 0 1 -1.98117e-7 0 1 8.06652e-7 0 1 -4.18092e-7 0 1 -7.4688e-7 0 1 4.66078e-7 0 1 1.30459e-7 0 1 -3.08255e-7 0 1 2.56621e-7 0 1 -3.30696e-7 0 1 -2.703e-6 0 1 4.47907e-6 0 1 -1.69078e-6 0 1 2.76032e-6 0 1 -1.98327e-6 0 1 3.32113e-6 0 1 -6.43667e-7 0 1 4.05849e-6 0 1 -1.39979e-6 0 1 7.07992e-7 0 1 -7.69304e-7 0 1 2.31287e-6 0 1 -2.29931e-7 0 1 -5.94354e-7 0 1 -1.77962e-6 0 1 1.79804e-6 0 1 4.95603e-7 0 1 -5.47892e-7 0 1 2.99227e-6 0 1 -6.12779e-7 0 1 -2.14638e-6 0 1 2.56491e-6 0 1 -1.47501e-6 0 1 1.01513e-6 0 1 8.73311e-7 0 1 2.41339e-6 0 1 -7.07341e-6 0 1 0 0 1 -4.03325e-7 0 1 4.18093e-7 0 1 0 0 1 -1.85151e-7 0 1 1.24048e-7 0 1 -1.24048e-7 0 1 1.23971e-7 0 1 -4.95294e-7 0 1 2.41339e-6 0 1 3.93603e-6 0 1 -8.73311e-7 0 1 -1.01513e-6 0 1 -1.21208e-6 0 1 3.96026e-6 0 1 -1.47501e-6 0 1 2.14638e-6 0 1 3.43999e-6 0 1 -2.42264e-6 0 1 7.41906e-7 0 1 -6.12779e-7 0 1 -5.47892e-7 0 1 4.95602e-7 0 1 6.96374e-7 0 1 -3.35665e-6 0 1 5.04156e-7 0 1 -8.88446e-7 0 1 -6.47604e-7 0 1 1.98489e-6 0 1 -2.1836e-7 0 1 1.98118e-7 0 1 9.57755e-7 0 1 -1.63386e-6 0 1 -6.01089e-7 0 1 1.04049e-6 0 1 9.11095e-7 0 1 -1.36695e-6 0 1 -1.17727e-6 0 1 1.06578e-6 0 1 1.80844e-6 0 1 -2.24168e-6 0 1 -9.91634e-7 0 1 2.76032e-6 0 1 8.4539e-7 0 1 -4.47907e-6 0 1 1.48677e-6 0 1 -3.81079e-6 0 1 1.90964e-6 0 1 0 0 1 1.85056e-7 0 1 8.88446e-7 0 1 -5.04156e-7 0 1 3.01856e-6 0 1 -4.31557e-6 0 1 1.94332e-6 0 1 2.06944e-7 0 1 -3.92302e-7 0 1 9.35715e-7 0 1 3.54893e-7 0 1 -3.44425e-7 0 1 1.33537e-6 0 1 8.03731e-7 0 1 -3.93625e-7 0 1 4.48006e-7 0 1 1.79854e-6 0 1 -8.70003e-7 0 1 2.80212e-6 0 1 -8.69999e-7 0 1 8.96012e-7 0 1 -1.60747e-6 0 1 3.33801e-7 0 1 6.67686e-7 0 1 -3.71817e-7 0 1 5.51078e-7 0 1 0 0 1 5.48829e-7 0 1 -4.9792e-7 0 1 -1.10216e-6 0 1 0 0 1 1.65348e-7 0 1 -2.93281e-7 0 1 3.08256e-7 0 1 7.46879e-7 0 1 -4.70354e-7 0 1 5.04156e-7 0 1 -3.01856e-6 0 1 4.31557e-6 0 1 -1.23666e-6 0 1 -1.32278e-6 0 1 -2.06944e-7 0 1 3.92301e-7 0 1 9.35716e-7 0 1 7.80763e-7 0 1 -7.57733e-7 0 1 1.33538e-6 0 1 -8.03733e-7 0 1 3.93624e-7 0 1 1.34402e-6 0 1 -1.79854e-6 0 1 -2.80213e-6 0 1 8.70004e-7 0 1 8.96016e-7 0 1 -7.96998e-7 0 1 -6.67686e-7 0 1 3.71816e-7 0 1 -5.51078e-7 0 1 5.94907e-7 0 1 -6.67686e-7 0 1 1.60747e-6 0 1 -8.96016e-7 0 1 1.74001e-6 0 1 -2.80212e-6 0 1 1.74e-6 0 1 -1.79854e-6 0 1 -4.48007e-7 0 1 3.93625e-7 0 1 -8.03731e-7 0 1 1.33521e-6 0 1 -1.33537e-6 0 1 3.44424e-7 0 1 -3.54893e-7 0 1 -9.35718e-7 0 1 -2.06944e-7 0 1 -1.94332e-6 0 1 4.31557e-6 0 1 -3.01856e-6 0 1 -5.48829e-7 0 1 0 0 1 5.51078e-7 0 1 -5.94904e-7 0 1 6.67686e-7 0 1 1.59399e-6 0 1 -1.74e-6 0 1 2.80213e-6 0 1 1.79854e-6 0 1 -1.34402e-6 0 1 -3.93624e-7 0 1 8.03736e-7 0 1 -1.33537e-6 0 1 7.57735e-7 0 1 -7.80764e-7 0 1 -9.35713e-7 0 1 2.06944e-7 0 1 1.23666e-6 0 1 -4.31557e-6 0 1 3.01856e-6 0 1 -4.97918e-7 0 1 5.94355e-7 0 1 -1.24058e-7 0 1 0 0 -1 0 0 -1 0 0 -1 0 0 -1 0 0 -1 0 0 -1 0 0 -1 0 0 -1 0 0 -1 0 0 -1 0 0 -1 -0.9996067 -0.02804702 0 -0.9996066 0.02804702 0 -0.9964615 0.08405137 0 -0.9964618 0.08404749 0 -0.9901812 0.1397902 0 -0.980785 0.1950919 0 -0.9683034 0.249777 0 -0.9683043 0.2497733 0 -0.9527751 0.303677 0 -0.9527751 0.303677 0 -0.9342492 0.3566207 0 -0.934248 0.3566241 0 -0.9127838 0.408443 0 -0.8884457 0.4589818 0 -0.8613129 0.5080748 0 -0.861313 0.5080749 0 -0.8314689 0.5555713 0 -0.831468 0.5555726 0 -0.799011 0.6013166 0 -0.7640371 0.6451725 0 -0.764038 0.6451714 0 -0.726661 0.6869964 0 -0.7266609 0.6869964 0 -0.6869976 0.7266598 0 -0.6451723 0.7640371 0 -0.6451714 0.764038 0 -0.6013166 0.7990109 0 -0.6013157 0.7990116 0 -0.5555707 0.8314694 0 -0.5555698 0.8314699 0 -0.5080756 0.8613125 0 -0.5080757 0.8613125 0 -0.4589812 0.888446 0 -0.4589816 0.8884459 0 -0.4084458 0.9127826 0 -0.3566202 0.9342495 0 -0.3036782 0.9527747 0 -0.3036779 0.9527748 0 -0.2497758 0.9683038 0 -0.1950893 0.9807855 0 -0.13979 0.9901812 0 -0.13979 0.9901812 0 -0.08405143 0.9964615 0 -0.08405143 0.9964615 0 -0.02804762 0.9996067 0 -0.02804762 0.9996066 0 0.02804762 0.9996066 0 0.08405143 0.9964615 0 0.08405143 0.9964615 0 0.1397899 0.9901812 0 0.13979 0.9901812 0 0.1950891 0.9807856 0 0.1950893 0.9807855 0 0.249776 0.9683037 0 0.3036782 0.9527747 0 0.3036779 0.9527748 0 0.3566206 0.9342494 0 0.3566212 0.9342491 0 0.4084448 0.912783 0 0.4084451 0.9127829 0 0.4589816 0.8884459 0 0.458982 0.8884456 0 0.5080756 0.8613125 0 0.5080766 0.861312 0 0.5555707 0.8314694 0 0.5555707 0.8314693 0 0.6013147 0.7990123 0 0.6451723 0.7640371 0 0.6451714 0.764038 0 0.6869986 0.7266589 0 0.6869976 0.7266598 0 0.726659 0.6869984 0 0.726657 0.6870005 0 0.764038 0.6451714 0 0.764038 0.6451714 0 0.7990119 0.6013153 0 0.8314689 0.5555713 0 0.831468 0.5555726 0 0.8613129 0.5080748 0 0.861313 0.5080749 0 0.8884457 0.4589818 0 0.9127832 0.4084447 0 0.9127824 0.4084463 0 0.9342492 0.3566207 0 0.9342493 0.3566207 0 0.9527751 0.303677 0 0.9527751 0.303677 0 0.9683034 0.249777 0 0.9683035 0.249777 0 0.9807858 0.1950881 0 0.9901807 0.139794 0 0.9964618 0.08404749 0 0.9996065 0.02805089 0 0.9996066 0.02804702 0 0.9996067 -0.02804702 0 0.9996066 -0.02805089 0 0.9964618 -0.08404743 0 0.9901806 -0.1397941 0 0.9807858 -0.195088 0 0.9807858 -0.195088 0 0.9683036 -0.2497767 0 0.9683035 -0.2497767 0 0.952775 -0.3036772 0 0.9527751 -0.3036772 0 0.9342492 -0.3566212 0 0.9342491 -0.3566212 0 0.9127823 -0.4084466 0 0.9127831 -0.408445 0 0.8884457 -0.4589818 0 0.8613129 -0.5080748 0 0.861313 -0.5080749 0 0.8314689 -0.5555713 0 0.8314699 -0.5555699 0 0.7990113 -0.601316 0 0.7640373 -0.6451721 0 0.7640373 -0.6451721 0 0.7266578 -0.6869997 0 0.7266597 -0.6869976 0 0.6869968 -0.7266606 0 0.6869977 -0.7266596 0 0.6451714 -0.7640379 0 0.6451724 -0.7640371 0 0.6013157 -0.7990116 0 0.5555707 -0.8314694 0 0.5555707 -0.8314693 0 0.5080765 -0.861312 0 0.5080757 -0.8613125 0 0.4589844 -0.8884444 0 0.4589841 -0.8884446 0 0.4084426 -0.9127841 0 0.4084422 -0.9127842 0 0.3566212 -0.9342491 0 0.3566206 -0.9342494 0 0.3036779 -0.9527748 0 0.3036782 -0.9527747 0 0.249776 -0.9683037 0 0.1950923 -0.9807849 0 0.1950921 -0.980785 0 0.13979 -0.9901812 0 0.1397899 -0.9901812 0 0.08404839 -0.9964617 0 0.08404839 -0.9964617 0 0.02804762 -0.9996066 0 -0.02804762 -0.9996066 0 -0.02804762 -0.9996067 0 -0.08404839 -0.9964617 0 -0.08404844 -0.9964618 0 -0.1397899 -0.9901812 0 -0.13979 -0.9901812 0 -0.1950923 -0.9807849 0 -0.2497758 -0.9683038 0 -0.3036779 -0.9527748 0 -0.3036782 -0.9527747 0 -0.3566202 -0.9342495 0 -0.4084433 -0.9127838 0 -0.458984 -0.8884446 0 -0.4589836 -0.8884448 0 -0.5080756 -0.8613125 0 -0.5080757 -0.8613125 0 -0.5555698 -0.83147 0 -0.5555707 -0.8314693 0 -0.6013166 -0.7990109 0 -0.6013176 -0.7990101 0 -0.6451714 -0.7640379 0 -0.6451724 -0.7640371 0 -0.6869968 -0.7266606 0 -0.7266617 -0.6869956 0 -0.7266616 -0.6869956 0 -0.7640373 -0.6451721 0 -0.7640364 -0.6451733 0 -0.7990103 -0.6013173 0 -0.8314689 -0.5555713 0 -0.8314699 -0.5555699 0 -0.8613129 -0.5080748 0 -0.861313 -0.5080749 0 -0.8884457 -0.4589818 0 -0.9127838 -0.4084433 0 -0.9342479 -0.3566246 0 -0.9342491 -0.3566212 0 -0.952775 -0.3036772 0 -0.9527751 -0.3036772 0 -0.9683045 -0.249773 0 -0.9683035 -0.2497767 0 -0.980785 -0.1950917 0 -0.9807851 -0.1950917 0 -0.9901812 -0.1397902 0 -0.9964618 -0.08404743 0 -0.9964615 -0.08405131 0 -0.9981756 0.06037884 0 -0.9981759 0.0603736 0 -0.9981759 -0.06037336 0 -0.9981756 -0.06037867 0 -0.9836186 -0.1802621 0 -0.9836196 -0.180257 0 -0.9547192 -0.2975085 0 -0.9547207 -0.2975036 0 -0.9119009 -0.4104105 0 -0.9119009 -0.4104104 0 -0.8557821 -0.5173365 0 -0.8557822 -0.5173364 0 -0.7871798 -0.6167235 0 -0.7871824 -0.6167203 0 -0.7071062 -0.7071075 0 -0.7071088 -0.7071049 0 -0.6167197 -0.7871828 0 -0.6167225 -0.7871807 0 -0.5173352 -0.855783 0 -0.5173376 -0.8557815 0 -0.4104118 -0.9119004 0 -0.41041 -0.9119011 0 -0.2975052 -0.9547202 0 -0.1802586 -0.9836193 0 -0.1802592 -0.9836192 0 -0.06037622 -0.9981757 0 0.06037622 -0.9981757 0 0.1802586 -0.9836193 0 0.1802592 -0.9836192 0 0.2975052 -0.9547202 0 0.2975044 -0.9547204 0 0.4104118 -0.9119004 0 0.410411 -0.9119007 0 0.5173363 -0.8557822 0 0.5173364 -0.8557822 0 0.6167197 -0.7871828 0 0.6167174 -0.7871847 0 0.7071074 -0.7071061 0 0.7871811 -0.6167219 0 0.7871824 -0.6167203 0 0.8557821 -0.5173365 0 0.8557822 -0.5173364 0 0.9118999 -0.4104127 0 0.9119009 -0.4104104 0 0.95472 -0.2975061 0 0.9547207 -0.2975036 0 0.9836201 -0.1802545 0 0.9836205 -0.1802519 0 0.9981758 -0.06037604 0 0.9981757 0.06037622 0 0.9836205 0.1802519 0 0.9836201 0.1802545 0 0.954721 0.2975028 0 0.9547203 0.2975051 0 0.9119009 0.4104105 0 0.9119 0.4104126 0 0.8557817 0.5173372 0 0.8557817 0.5173372 0 0.787184 0.6167183 0 0.7871827 0.61672 0 0.7071083 0.7071053 0 0.6167172 0.7871849 0 0.61672 0.7871826 0 0.5173363 0.8557822 0 0.5173364 0.8557822 0 0.4104136 0.9118995 0 0.4104148 0.9118991 0 0.2975015 0.9547215 0 0.2975022 0.9547212 0 0.180256 0.9836198 0 0.1802555 0.9836199 0 0.0603795 0.9981755 0 -0.0603795 0.9981755 0 -0.180256 0.9836198 0 -0.1802555 0.9836199 0 -0.2975022 0.9547212 0 -0.4104126 0.9119001 0 -0.4104148 0.9118991 0 -0.5173375 0.8557816 0 -0.5173352 0.8557829 0 -0.6167223 0.7871808 0 -0.61672 0.7871826 0 -0.7071096 0.707104 0 -0.707107 0.7071067 0 -0.787184 0.6167183 0 -0.7871814 0.6167216 0 -0.8557817 0.5173372 0 -0.8557817 0.5173372 0 -0.9119009 0.4104105 0 -0.9119009 0.4104104 0 -0.954721 0.2975028 0 -0.9547195 0.2975075 0 -0.9836196 0.180257 0 -0.9836186 0.1802621 0 -0.9981755 0.06037992 0 -0.9981757 0.06037735 0 -0.9981757 -0.06037753 0 -0.9981755 -0.06038016 0 -0.9836201 -0.1802545 0 -0.9547202 -0.2975051 0 -0.9547211 -0.2975027 0 -0.9118999 -0.4104127 0 -0.8557801 -0.5173399 0 -0.8557813 -0.5173379 0 -0.7871828 -0.61672 0 -0.787184 -0.6167184 0 -0.7071057 -0.7071079 0 -0.707107 -0.7071066 0 -0.6167192 -0.7871832 0 -0.6167168 -0.7871851 0 -0.5173369 -0.8557819 0 -0.5173382 -0.8557811 0 -0.4104132 -0.9118998 0 -0.4104124 -0.9119001 0 -0.2975029 -0.9547209 0 -0.1802556 -0.9836199 0 -0.1802557 -0.9836199 0 -0.06037867 -0.9981756 0 -0.06037849 -0.9981756 0 0.06037837 -0.9981756 0 0.06037867 -0.9981756 0 0.1802551 -0.9836199 0 0.1802557 -0.9836199 0 0.2975022 -0.9547212 0 0.2975037 -0.9547207 0 0.4104132 -0.9118998 0 0.4104114 -0.9119005 0 0.517338 -0.8557811 0 0.5173382 -0.8557811 0 0.6167192 -0.7871832 0 0.6167194 -0.7871832 0 0.7071057 -0.7071079 0 0.7071056 -0.707108 0 0.787184 -0.6167183 0 0.787184 -0.6167184 0 0.8557813 -0.517338 0 0.8557813 -0.5173379 0 0.911899 -0.4104149 0 0.9547196 -0.2975076 0 0.9547225 -0.2974979 0 0.9836196 -0.180257 0 0.9981756 -0.06037884 0 0.9981756 0.06037867 0 0.9836196 0.180257 0 0.9547225 0.297498 0 0.9547195 0.2975075 0 0.911899 0.4104148 0 0.8557813 0.517338 0 0.8557813 0.5173379 0 0.7871837 0.6167187 0 0.7071062 0.7071075 0 0.6167197 0.7871828 0 0.5173399 0.8557801 0 0.51734 0.85578 0 0.4104098 0.9119011 0 0.410412 0.9119002 0 0.2975052 0.9547202 0 0.2975037 0.9547207 0 0.1802532 0.9836204 0 0.1802529 0.9836204 0 0.06037914 0.9981755 0 -0.06037932 0.9981755 0 -0.1802532 0.9836204 0 -0.1802533 0.9836202 0 -0.2975044 0.9547204 0 -0.4104108 0.9119008 0 -0.410412 0.9119002 0 -0.5173399 0.8557801 0 -0.5173388 0.8557807 0 -0.6167172 0.7871849 0 -0.7071074 0.7071061 0 -0.7071062 0.7071075 0 -0.7871837 0.6167187 0 -0.7871823 0.6167203 0 -0.8557813 0.517338 0 -0.8557801 0.5173398 0 -0.9119 0.4104126 0 -0.9547203 0.2975051 0 -0.9836201 0.1802545 0 -0.9981755 0.06038016 0 -0.9981757 0.06037753 0 -0.9981757 -0.06037735 0 -0.9981755 -0.06037992 0 -0.95472 -0.2975061 0 -0.8557809 -0.5173384 0 -0.7871811 -0.6167219 0 -0.7071074 -0.7071061 0 -0.6167174 -0.7871847 0 -0.5173363 -0.8557822 0 -0.410411 -0.9119007 0 -0.2975044 -0.9547204 0 -0.1802596 -0.9836191 0 -0.1802597 -0.9836191 0 -0.06037604 -0.9981757 0 0.06037592 -0.9981758 0 0.1802591 -0.9836192 0 0.1802597 -0.9836191 0 0.41041 -0.9119011 0 0.5173375 -0.8557816 0 0.5173376 -0.8557815 0 0.61672 -0.7871826 0 0.7071062 -0.7071075 0 0.9547192 -0.2975085 0 0.9547222 -0.2974988 0 0.9981756 -0.06037867 0 0.9981756 0.06037884 0 0.787184 0.6167184 0 0.707107 0.7071067 0 0.5173375 0.8557816 0 0.5173376 0.8557815 0 0.4104126 0.9119001 0 0.2975007 0.9547216 0 0.1802564 0.9836196 0 0.180256 0.9836198 0 -0.1802564 0.9836196 0 -0.1802565 0.9836197 0 -0.2975015 0.9547215 0 -0.4104136 0.9118995 0 -0.5173364 0.8557822 0 -0.7071083 0.7071053 0 -0.7871827 0.61672 0 -0.8557805 0.5173391 0 0.9991678 0.0407902 0 0.9991679 0.04078871 0 0.9991678 -0.04078865 0 0.9991678 -0.0407902 0 0.9925184 -0.1220952 0 0.9925185 0.1220953 0 0.9925187 0.1220938 0 0.9792647 0.202585 0 0.9792641 0.2025879 0 0.9594931 0.2817324 0 0.9594927 0.2817339 0 0.9333373 0.3590008 0 0.9333367 0.3590021 0 0.900968 0.4338856 0 0.9009692 0.4338833 0 0.8626059 0.5058764 0 0.8626046 0.5058787 0 0.8185017 0.5745043 0 0.7689499 0.6393091 0 0.7689499 0.6393091 0 0.7142829 0.6998571 0 0.7142822 0.6998579 0 0.6548601 0.7557502 0 0.6548601 0.7557502 0 0.5910809 0.8066124 0 0.5910815 0.8066118 0 0.5233671 0.8521074 0 0.523367 0.8521074 0 0.4521724 0.8919306 0 0.4521723 0.8919306 0 0.3779672 0.925819 0 0.3779674 0.9258189 0 0.3012459 0.9535465 0 0.2225205 0.9749281 0 0.1423143 0.9898216 0 0.1423144 0.9898216 0 0.06116271 0.9981279 0 0.06116271 0.9981279 0 -0.02039957 0.999792 0 -0.02039957 0.999792 0 -0.1018221 0.9948027 0 -0.1018221 0.9948027 0 -0.1825698 0.983193 0 -0.1825698 0.983193 0 -0.2621009 0.9650405 0 -0.33989 0.9404653 0 -0.3398895 0.9404654 0 -0.4154147 0.9096322 0 -0.4154149 0.909632 0 -0.4881763 0.8727452 0 -0.4881765 0.8727449 0 -0.5576892 0.8300499 0 -0.5576899 0.8300495 0 -0.6234875 0.7818332 0 -0.6234876 0.7818332 0 -0.6851417 0.7284099 0 -0.7422354 0.6701393 0 -0.7943871 0.6074119 0 -0.7943878 0.607411 0 -0.8412536 0.5406408 0 -0.8825215 0.4702722 0 -0.9179163 0.3967741 0 -0.9179152 0.3967767 0 -0.9472031 0.3206344 0 -0.9472031 0.3206343 0 -0.9701861 0.2423611 0 -0.9701855 0.2423639 0 -0.9867127 0.1624748 0 -0.9867128 0.1624748 0 -0.9966727 0.08150821 0 -0.9966728 -0.08150821 0 -0.9867127 -0.1624748 0 -0.9867128 -0.1624748 0 -0.9701855 -0.2423639 0 -0.9701861 -0.2423611 0 -0.947203 -0.3206346 0 -0.947203 -0.3206345 0 -0.9179149 -0.3967773 0 -0.9179161 -0.3967747 0 -0.8825213 -0.4702724 0 -0.841254 -0.5406402 0 -0.7943879 -0.607411 0 -0.7943871 -0.6074119 0 -0.7422349 -0.6701399 0 -0.6851417 -0.7284099 0 -0.6234893 -0.7818319 0 -0.6234893 -0.7818319 0 -0.5576907 -0.830049 0 -0.55769 -0.8300493 0 -0.4881765 -0.8727449 0 -0.4881762 -0.8727452 0 -0.4154149 -0.909632 0 -0.4154146 -0.9096322 0 -0.3398895 -0.9404654 0 -0.33989 -0.9404653 0 -0.2621009 -0.9650405 0 -0.1825698 -0.983193 0 -0.1825698 -0.983193 0 -0.1018221 -0.9948027 0 -0.1018221 -0.9948027 0 -0.02039957 -0.999792 0 -0.02039957 -0.999792 0 0.06116271 -0.9981279 0 0.06116271 -0.9981279 0 0.1423144 -0.9898216 0 0.1423143 -0.9898216 0 0.2225205 -0.9749281 0 0.3012459 -0.9535465 0 0.3779674 -0.9258189 0 0.3779672 -0.925819 0 0.4521724 -0.8919306 0 0.4521723 -0.8919306 0 0.5233678 -0.8521069 0 0.5233678 -0.8521069 0 0.5910815 -0.8066118 0 0.5910809 -0.8066124 0 0.6548611 -0.7557493 0 0.6548611 -0.7557494 0 0.7142821 -0.6998579 0 0.7142829 -0.6998571 0 0.7689495 -0.6393097 0 0.7689495 -0.6393096 0 0.8185024 -0.5745031 0 0.8626044 -0.5058792 0 0.8626056 -0.505877 0 0.9009691 -0.4338834 0 0.9009678 -0.4338859 0 0.9333367 -0.3590025 0 0.9333372 -0.3590012 0 0.9594927 -0.2817339 0 0.9594931 -0.2817324 0 0.9792641 -0.2025879 0 0.9792647 -0.202585 0 0.9925187 -0.1220937 0 -0.9981756 0.06037867 0 -0.9981759 0.06037336 0 -0.9981759 -0.0603736 0 -0.9981756 -0.06037884 0 -0.9547196 -0.2975076 0 -0.8557813 -0.517338 0 -0.7871814 -0.6167216 0 -0.7071083 -0.7071053 0 -0.6167219 -0.7871811 0 -0.5173358 -0.8557826 0 -0.4104114 -0.9119005 0 -0.2975037 -0.9547207 0 -0.1802547 -0.98362 0 -0.1802552 -0.9836199 0 0.1802547 -0.98362 0 0.1802552 -0.9836199 0 0.2975029 -0.9547209 0 0.4104124 -0.9119001 0 0.5173369 -0.8557819 0 0.517337 -0.8557818 0 0.6167168 -0.7871851 0 0.7071071 -0.7071065 0 0.707107 -0.7071066 0 0.7871828 -0.61672 0 0.9547202 -0.2975051 0 0.9547211 -0.2975027 0 0.9981757 -0.06037622 0 0.9981758 0.06037604 0 0.7871823 0.6167203 0 0.7071074 0.7071061 0 0.5173387 0.8557808 0 0.5173388 0.8557807 0 0.4104108 0.9119008 0 0.2975044 0.9547204 0 0.1802527 0.9836204 0 0.1802524 0.9836204 0 -0.1802527 0.9836204 0 -0.1802524 0.9836204 0 -0.2975052 0.9547202 0 -0.4104098 0.9119011 0 -0.5173377 0.8557814 0 -0.7071088 0.7071049 0 -0.7871811 0.616722 0 -0.8557813 0.5173379 0 -5.43787e-7 0 1 5.42065e-7 0 1 1.08413e-6 0 1 -1.08758e-6 0 1 -1.66306e-6 0 1 1.0849e-6 0 1 -1.66914e-6 0 1 2.70937e-7 0 1 1.56119e-6 0 1 -1.66496e-6 0 1 1.66496e-6 0 1 -1.56119e-6 0 1 -2.70937e-7 0 1 -1.0849e-6 0 1 1.08758e-6 0 1 -1.08413e-6 0 1 -5.42065e-7 0 1 5.43787e-7 0 1 4.17284e-7 0 1 -2.08577e-7 0 1 -5.43022e-7 0 1 -5.43024e-7 0 1 5.43787e-7 0 1 -5.42066e-7 0 1 -1.08414e-6 0 1 1.66306e-6 0 1 -1.0849e-6 0 1 1.66914e-6 0 1 -2.70938e-7 0 1 6.109e-7 0 1 -6.10902e-7 0 1 2.70938e-7 0 1 -1.66914e-6 0 1 1.0849e-6 0 1 1.08414e-6 0 1 5.42066e-7 0 1 -5.43789e-7 0 1 -4.17284e-7 0 1 2.08577e-7 0 1 5.43024e-7 0 1 -0.9969174 -0.07845902 0 -0.9969172 -0.07846128 0 -0.9969172 0.07846128 0 -0.9969174 0.07845902 0 -0.9723708 0.2334417 0 -0.9723699 0.233446 0 -0.9238786 0.3826858 0 -0.9238794 0.3826838 0 -0.852642 0.5224958 0 -0.85264 0.5224991 0 -0.7604069 0.649447 0 -0.7604047 0.6494497 0 -0.6494468 0.7604072 0 -0.5224975 0.8526408 0 -0.3826851 0.9238789 0 -0.3826868 0.9238781 0 -0.2334454 0.9723699 0 -0.2334465 0.9723697 0 -0.07845598 0.9969177 0 -0.07845634 0.9969176 0 0.07845598 0.9969177 0 0.2334454 0.9723699 0 0.2334465 0.9723697 0 0.3826851 0.9238789 0 0.3826851 0.9238788 0 0.5224996 0.8526396 0 0.5224955 0.8526421 0 0.6494468 0.7604072 0 0.7604069 0.649447 0 0.7604047 0.6494497 0 0.852642 0.5224958 0 0.85264 0.5224991 0 0.9238786 0.3826858 0 0.9238802 0.3826819 0 0.9723708 0.2334417 0 0.9723699 0.233446 0 0.9969174 0.07845902 0 0.996917 0.07846361 0 0.996917 -0.07846361 0 0.9969174 -0.07845902 0 0.9723696 -0.233447 0 0.9723706 -0.2334426 0 0.9238802 -0.3826819 0 0.9238786 -0.3826858 0 0.8526411 -0.5224971 0 0.8526431 -0.5224938 0 0.7604047 -0.6494497 0 0.7604069 -0.649447 0 0.6494443 -0.7604092 0 0.5225002 -0.8526393 0 0.5225043 -0.8526368 0 0.3826851 -0.9238789 0 0.3826851 -0.9238788 0 0.2334465 -0.9723697 0 0.2334454 -0.9723699 0 0.07845598 -0.9969177 0 -0.07845634 -0.9969176 0 -0.07845598 -0.9969177 0 -0.2334465 -0.9723697 0 -0.2334454 -0.9723699 0 -0.3826867 -0.9238783 0 -0.3826851 -0.9238788 0 -0.5225023 -0.852638 0 -0.6494443 -0.7604092 0 -0.7604047 -0.6494497 0 -0.7604069 -0.649447 0 -0.8526411 -0.5224971 0 -0.8526431 -0.5224938 0 -0.9238794 -0.3826838 0 -0.9238786 -0.3826858 0 -0.9723696 -0.233447 0 -0.9723706 -0.2334426 0 -5.43792e-7 0 1 5.42066e-7 0 1 -1.6693e-6 0 1 1.08413e-6 0 1 -1.66913e-6 0 1 2.70938e-7 0 1 -2.70938e-7 0 1 1.66913e-6 0 1 -1.08413e-6 0 1 1.66931e-6 0 1 -5.42066e-7 0 1 5.4379e-7 0 1 4.17283e-7 0 1 -5.43024e-7 0 1 -5.43022e-7 0 1 5.4379e-7 0 1 -5.42066e-7 0 1 -1.66652e-6 0 1 1.0849e-6 0 1 -2.70938e-7 0 1 -1.56119e-6 0 1 1.56119e-6 0 1 2.70938e-7 0 1 -1.0849e-6 0 1 1.66652e-6 0 1 1.08413e-6 0 1 -1.66931e-6 0 1 5.42066e-7 0 1 -5.4379e-7 0 1 -4.17283e-7 0 1 2.08576e-7 0 1 5.43024e-7 0 1 -0.9723711 0.2334407 0 -0.9723701 0.233445 0 -0.8526408 0.5224977 0 -0.8526387 0.522501 0 -0.6494493 0.760405 0 -0.5224992 0.8526399 0 -0.3826814 0.9238803 0 -0.3826831 0.9238797 0 -0.07846027 0.9969173 0 -0.07846063 0.9969173 0 0.07846027 0.9969173 0 0.3826814 0.9238803 0 0.3826815 0.9238803 0 0.5225012 0.8526387 0 0.5224971 0.8526411 0 0.6494493 0.760405 0 0.8526408 0.5224977 0 0.8526387 0.522501 0 0.9723711 0.2334407 0 0.9723701 0.233445 0 0.9723698 -0.233446 0 0.9723709 -0.2334416 0 0.85264 -0.5224991 0 0.852642 -0.5224958 0 0.6494468 -0.7604072 0 0.5224971 -0.8526411 0 0.5225012 -0.8526387 0 0.3826814 -0.9238803 0 0.3826815 -0.9238803 0 0.07846027 -0.9969173 0 -0.07846063 -0.9969173 0 -0.07846027 -0.9969173 0 -0.382683 -0.9238797 0 -0.3826815 -0.9238803 0 -0.5224992 -0.8526399 0 -0.6494468 -0.7604072 0 -0.85264 -0.5224991 0 -0.852642 -0.5224958 0 -0.9723698 -0.233446 0 -0.9723709 -0.2334416 0 -5.43786e-7 0 1 5.42069e-7 0 1 -1.08757e-6 0 1 -1.66306e-6 0 1 1.0849e-6 0 1 -1.66914e-6 0 1 1.5612e-6 0 1 -1.66496e-6 0 1 1.66496e-6 0 1 -1.56119e-6 0 1 -2.70937e-7 0 1 -1.0849e-6 0 1 1.08758e-6 0 1 -1.08413e-6 0 1 -5.42065e-7 0 1 5.43789e-7 0 1 -5.43024e-7 0 1 -5.43023e-7 0 1 5.43788e-7 0 1 1.66914e-6 0 1 6.10899e-7 0 1 -6.10905e-7 0 1 2.70938e-7 0 1 -1.66914e-6 0 1 1.0849e-6 0 1 5.4207e-7 0 1 -5.43786e-7 0 1 -4.17286e-7 0 1 5.43025e-7 0 1 -0.9969177 -0.07845443 0 -0.9969177 0.07845443 0 -0.9723698 0.233446 0 -0.8526378 0.5225024 0 -0.7604092 0.6494443 0 -0.5224934 0.8526433 0 -0.5224955 0.8526421 0 0.5224975 0.8526408 0 0.852644 0.5224924 0 0.9723698 0.233446 0 0.9969176 0.07845675 0 0.9969176 -0.07845675 0 0.9723696 -0.233447 0 0.8526451 -0.5224905 0 0.5225023 -0.852638 0 -0.5225002 -0.8526393 0 -0.5224981 -0.8526405 0 -0.7604092 -0.6494443 0 -0.852639 -0.5225005 0 -0.9723696 -0.233447 0 -5.43791e-7 0 1 5.42069e-7 0 1 -1.66931e-6 0 1 2.70937e-7 0 1 1.66914e-6 0 1 -1.0849e-6 0 1 -5.42064e-7 0 1 5.43791e-7 0 1 -5.43025e-7 0 1 -5.43024e-7 0 1 5.43791e-7 0 1 -1.66652e-6 0 1 1.0849e-6 0 1 -1.56119e-6 0 1 1.5612e-6 0 1 1.66652e-6 0 1 1.08414e-6 0 1 -5.43789e-7 0 1 5.43024e-7 0 1 -0.97237 0.233445 0 -0.8526366 0.5225043 0 -0.522495 0.8526424 0 -0.5224971 0.8526411 0 0.5224992 0.8526399 0 0.8526428 0.5224943 0 0.97237 0.233445 0 0.9723699 -0.233446 0 0.852644 -0.5224924 0 0.5224992 -0.8526399 0 -0.5224971 -0.8526411 0 -0.522495 -0.8526424 0 -0.8526378 -0.5225024 0 -0.9723699 -0.233446 0 0.9387953 0.04761093 -0.3411694 0.9396148 0.03835922 -0.3400774 0.9411813 -0.03842318 -0.3357104 0.931923 0.1146383 -0.3440605 0.9270915 0.1420257 -0.3468865 0.9179814 0.1899078 -0.348203 0.9060656 0.2345981 -0.352149 0.8979139 0.2636528 -0.3524738 0.8759911 0.3244289 -0.3569111 0.8718898 0.3353677 -0.3568429 0.8402571 0.4046462 -0.3608734 0.8370426 0.4105889 -0.3616305 0.8033466 0.4711259 -0.3642456 0.7895536 0.4921334 -0.3666198 0.761178 0.5342699 -0.3676465 0.7343503 0.5684263 -0.3709735 0.7140564 0.5936715 -0.3710492 0.6720022 0.6387852 -0.3746553 0.6623207 0.6489452 -0.374435 0.6063998 0.6998244 -0.3775249 0.6030582 0.7024791 -0.377947 0.5468087 0.7461965 -0.379725 0.5280557 0.758678 -0.3815299 0.4837079 0.7875349 -0.3818581 0.4480245 0.8071865 -0.3843489 0.417523 0.823583 -0.3839086 0.363729 0.8475888 -0.3863863 0.3486954 0.8541192 -0.3858652 0.277696 0.8790019 -0.3876089 0.2759407 0.8794897 -0.3877561 0.2050625 0.8984401 -0.3882714 0.1854022 0.9021732 -0.3894994 0.1311162 0.9119376 -0.3888165 0.09313958 0.9159146 -0.3904171 0.05633938 0.9194116 -0.3892406 0 0.9206011 -0.3905045 -0.01878839 0.9208177 -0.3895406 -0.0931679 0.9161921 -0.3897588 -0.09377145 0.9161487 -0.3897159 -0.1682109 0.9058668 -0.3887296 -0.1854053 0.9021914 -0.3894554 -0.2416133 0.8896068 -0.3875861 -0.2758627 0.879242 -0.3883726 -0.3135017 0.8674488 -0.3863282 -0.3637143 0.847555 -0.3864746 -0.3833996 0.8395287 -0.3849629 -0.4481405 0.8073956 -0.3837741 -0.4508509 0.8060159 -0.3834995 -0.5156155 0.7674278 -0.3810452 -0.5280871 0.7587231 -0.3813968 -0.5771439 0.7237196 -0.378332 -0.6029156 0.702313 -0.3784829 -0.6349886 0.6750898 -0.3755573 -0.6719506 0.6387346 -0.3748339 -0.6887478 0.6218468 -0.3727372 -0.7345048 0.5685504 -0.3704769 -0.7380457 0.5643303 -0.369892 -0.7827941 0.503072 -0.3662679 -0.7896304 0.492179 -0.3663932 -0.8225565 0.4383186 -0.3623225 -0.8368839 0.4105111 -0.3620859 -0.8569328 0.3704144 -0.3584122 -0.8758915 0.3243961 -0.3571856 -0.8856652 0.2998031 -0.3545638 -0.9062172 0.2346353 -0.3517339 -0.9085292 0.2269608 -0.3508045 -0.9255785 0.1524075 -0.3465207 -0.9272101 0.1420439 -0.3465619 -0.936615 0.07659643 -0.341885 -0.93866 0.04760199 -0.3415428 -0.9413546 0 -0.3374193 -0.9406082 -0.04770076 -0.3361263 -0.9397349 -0.0768516 -0.3331549 -0.9329706 -0.1429263 -0.3303606 -0.9317393 -0.153422 -0.3291255 -0.9175654 -0.2292181 -0.3248584 -0.9155523 -0.2370522 -0.3249159 -0.8973248 -0.3037502 -0.3202251 -0.8884282 -0.3290395 -0.3200445 -0.8709072 -0.3764558 -0.3159142 -0.8521006 -0.4179748 -0.3149947 -0.8384795 -0.4468037 -0.3119594 -0.8068881 -0.5029365 -0.3098169 -0.8002504 -0.5142897 -0.3083917 -0.7565659 -0.5784915 -0.3048865 -0.7530973 -0.5829425 -0.3049961 -0.7078155 -0.6390635 -0.3009902 -0.6911407 -0.6569775 -0.301173 -0.6541066 -0.6954148 -0.2975616 -0.6219054 -0.7244322 -0.2973749 -0.595814 -0.7471284 -0.294627 -0.546084 -0.7845805 -0.2936424 -0.5333496 -0.7938206 -0.292211 -0.4671779 -0.8352048 -0.2901343 -0.4644083 -0.8367046 -0.2902594 -0.3978622 -0.8711984 -0.2876093 -0.3776176 -0.8799536 -0.2882478 -0.3257275 -0.901278 -0.2856564 -0.2868221 -0.9141687 -0.2864066 -0.251286 -0.9252213 -0.2842901 -0.1929643 -0.9389777 -0.2847559 -0.175078 -0.9428482 -0.2835228 -0.09764987 -0.9540408 -0.2833212 -0.09702402 -0.9540925 -0.2833617 -0.01956808 -0.9590507 -0.2825576 0 -0.9589359 -0.283623 0.05867278 -0.9574987 -0.2824072 0.09700161 -0.9538736 -0.2841053 0.1365018 -0.9493955 -0.2828701 0.1929609 -0.9389632 -0.2848055 0.2133622 -0.9348013 -0.2839422 0.2868844 -0.9143659 -0.2857139 0.2886973 -0.9138258 -0.2856158 0.3620898 -0.8869282 -0.2867916 0.3776293 -0.8799809 -0.2881492 0.432955 -0.854025 -0.2884292 0.4643139 -0.8365346 -0.2908993 0.5007777 -0.8153251 -0.290632 0.5460579 -0.7845434 -0.2937898 0.5650709 -0.7711171 -0.2933827 0.6220242 -0.724571 -0.2967874 0.6253811 -0.7217279 -0.2966604 0.6814888 -0.667726 -0.2995247 0.6911848 -0.6570205 -0.300978 0.7329003 -0.6093393 -0.3025934 0.7529639 -0.5828349 -0.3055309 0.7792079 -0.5469235 -0.3061207 0.8068205 -0.5028964 -0.3100581 0.8200885 -0.4809447 -0.3100759 0.8522437 -0.4180451 -0.3145143 0.8552724 -0.4118774 -0.3144301 0.8847596 -0.3403184 -0.3184084 0.8885203 -0.3290694 -0.3197579 0.908292 -0.2667001 -0.3222993 0.9154094 -0.2370173 -0.3253436 0.9255973 -0.1914833 -0.3265023 0.932856 -0.1429088 -0.3306916 0.9365769 -0.1152107 -0.3309836 0.9407421 -0.04770964 -0.3357504 -0.09226828 -0.9957342 0 -0.09226828 -0.9957342 0 0.09226852 -0.9957343 0 0.09226852 -0.9957342 0 0.273663 -0.9618257 0 0.445735 -0.895165 0 0.445735 -0.895165 0 0.6026336 -0.798018 0 0.7390118 -0.6736925 0 0.7390124 -0.6736919 0 0.8502148 -0.5264359 0 0.9324721 -0.3612421 0 0.9324725 -0.3612412 0 0.9829729 -0.1837512 0 1 0 0 0.9829729 0.1837512 0 0.9324725 0.3612412 0 0.9324721 0.3612421 0 0.8502177 0.5264313 0 0.7390077 0.6736971 0 0.7390072 0.6736976 0 0.6026336 0.798018 0 0.4457433 0.8951608 0 0.4457432 0.8951609 0 0.273663 0.9618257 0 0.09226852 0.9957343 0 0.09226852 0.9957342 0 -0.09226828 0.9957342 0 -0.09226828 0.9957342 0 -0.273663 0.9618257 0 -0.2736629 0.9618257 0 -0.4457432 0.8951609 0 -0.6026336 0.798018 0 -0.7390077 0.6736971 0 -0.7390072 0.6736976 0 -0.8502177 0.5264313 0 -0.9324725 0.3612412 0 -0.9324721 0.3612421 0 -0.9829734 0.1837482 0 -0.9829732 0.1837491 0 -0.9829732 -0.1837491 0 -0.9829734 -0.1837482 0 -0.9324721 -0.3612421 0 -0.9324725 -0.3612412 0 -0.8502148 -0.5264359 0 -0.7390118 -0.6736925 0 -0.7390124 -0.6736919 0 -0.6026336 -0.798018 0 -0.445735 -0.895165 0 -0.2736629 -0.9618257 0 -0.273663 -0.9618257 0 -0.04628181 -0.4994717 -0.8650932 -0.2235835 -0.4490247 -0.8650938 -0.3706962 -0.3379319 -0.8650932 -0.4677375 -0.1812024 -0.8650938 -0.5016129 0 -0.8650922 -0.4677394 0.1812031 -0.8650928 -0.3706938 0.3379338 -0.8650937 -0.2235895 0.4490231 -0.8650931 -0.04628181 0.4994717 -0.8650932 0.1372742 0.4824628 -0.8650928 0.3022875 0.4002954 -0.8650929 0.4264802 0.2640646 -0.8650922 0.4930694 0.09217149 -0.8650937 0.4930732 -0.0921722 -0.8650915 0.4264782 -0.2640661 -0.8650928 0.3706962 -0.3379319 -0.8650932 0.223584 -0.4490256 -0.8650933 0.04628193 -0.4994717 -0.8650931 0.04628193 0.4994717 -0.8650931 -0.137274 0.4824624 -0.865093 -0.3022875 0.4002954 -0.8650929 -0.4264802 0.2640647 -0.8650923 -0.4930695 0.09217011 -0.8650938 -0.4930714 -0.09217047 -0.8650926 -0.3022896 -0.4002952 -0.8650924 -0.137274 -0.4824624 -0.865093 0.137274 -0.4824624 -0.865093 0.3022884 -0.4002937 -0.8650935 0.4677389 -0.1812031 -0.8650929 0.5016129 0 -0.8650922 0.4677394 0.1812031 -0.8650928 0.3706938 0.3379338 -0.8650937 0.2235899 0.449024 -0.8650925 -0.4264782 -0.2640662 -0.8650926 -0.9987167 -0.05064606 0 -0.9987167 -0.050646 0 -0.9987167 0.05064606 0 -0.9987167 0.05064606 0 -0.9884681 0.1514294 0 -0.9884681 0.1514294 0 -0.9680776 0.2506507 0 -0.9680773 0.2506521 0 -0.9377521 0.3473054 0 -0.9377517 0.3473067 0 -0.8978043 0.4403948 0 -0.8978043 0.4403948 0 -0.8486447 0.5289635 0 -0.8486447 0.5289635 0 -0.7907758 0.612106 0 -0.724793 0.6889668 0 -0.6513718 0.7587587 0 -0.6513727 0.758758 0 -0.5712686 0.8207632 0 -0.5712686 0.8207632 0 -0.4853013 0.874347 0 -0.4853014 0.8743469 0 -0.3943562 0.9189577 0 -0.3943563 0.9189577 0 -0.2993624 0.9541395 0 -0.2993625 0.9541395 0 -0.201299 0.9795299 0 -0.201299 0.9795299 0 -0.1011683 0.9948694 0 -0.1011684 0.9948694 0 0 1 0 0.1011682 0.9948694 0 0.1011682 0.9948694 0 0.201299 0.9795298 0 0.201299 0.9795299 0 0.2993628 0.9541394 0 0.299363 0.9541394 0 0.3943557 0.9189579 0 0.394356 0.9189578 0 0.4853016 0.8743469 0 0.4853021 0.8743466 0 0.5712682 0.8207635 0 0.571269 0.820763 0 0.6513726 0.7587581 0 0.6513727 0.758758 0 0.7247922 0.6889676 0 0.724793 0.6889668 0 0.7907758 0.612106 0 0.7907766 0.6121051 0 0.848644 0.5289646 0 0.8486447 0.5289635 0 0.8978043 0.4403948 0 0.8978049 0.4403936 0 0.9377521 0.3473054 0 0.9377522 0.3473054 0 0.9680773 0.2506521 0 0.9680769 0.2506535 0 0.9884685 0.1514264 0 0.9884683 0.1514279 0 0.9987165 0.05064904 0 0.9987165 0.05064904 0 0.9987165 -0.05064904 0 0.9987166 -0.05064904 0 0.9884684 -0.1514279 0 0.9884685 -0.1514264 0 0.9680769 -0.2506535 0 0.9680773 -0.2506521 0 0.937752 -0.3473056 0 0.937752 -0.3473055 0 0.897805 -0.4403933 0 0.8978044 -0.4403945 0 0.8486445 -0.5289638 0 0.8486438 -0.5289648 0 0.7907762 -0.6121054 0 0.7907754 -0.6121064 0 0.7247923 -0.6889675 0 0.7247915 -0.6889683 0 0.6513733 -0.7587574 0 0.6513735 -0.7587574 0 0.5712686 -0.8207633 0 0.5712677 -0.8207639 0 0.4853019 -0.8743466 0 0.4853018 -0.8743468 0 0.3943554 -0.9189581 0 0.3943551 -0.9189582 0 0.2993637 -0.9541391 0 0.2993636 -0.9541392 0 0.2012977 -0.9795302 0 0.2012977 -0.9795302 0 0.1011703 -0.9948692 0 0 -1 0 -0.1011704 -0.9948691 0 -0.1011704 -0.9948691 0 -0.2012977 -0.9795302 0 -0.2012977 -0.9795302 0 -0.2993633 -0.9541393 0 -0.2993631 -0.9541392 0 -0.3943557 -0.918958 0 -0.4853013 -0.874347 0 -0.4853014 -0.8743469 0 -0.5712682 -0.8207635 0 -0.571268 -0.8207636 0 -0.6513733 -0.7587574 0 -0.6513727 -0.758758 0 -0.7247923 -0.6889675 0 -0.7247923 -0.6889676 0 -0.7907754 -0.6121064 0 -0.8486445 -0.5289638 0 -0.8978044 -0.4403945 0 -0.9377515 -0.347307 0 -0.937752 -0.3473055 0 -0.9680773 -0.2506521 0 -0.9680776 -0.2506507 0 -0.9884681 -0.1514294 0 0.9986946 -0.05064857 -0.006625771 0.9986946 -0.05064851 -0.006625771 0.9986946 0.05064857 0.006625592 0.9986946 0.05064851 0.006625592 0.9882749 0.1513952 0.01980566 0.9882742 0.1513996 0.01980561 0.9675575 0.2505169 0.03277248 0.9675567 0.2505198 0.03277242 0.9367864 0.3469457 0.0453872 0.9367857 0.3469475 0.04538714 0.896318 0.4396657 0.05751657 0.8963182 0.4396654 0.05751657 0.8466197 0.5277023 0.06903344 0.8466204 0.527701 0.06903338 0.7882527 0.610153 0.07981956 0.7882535 0.610152 0.07981961 0.721866 0.6861863 0.08976602 0.7218669 0.6861854 0.08976614 0.6481873 0.7550476 0.09877461 0.6481876 0.7550473 0.09877473 0.5680033 0.816073 0.1067577 0.5680038 0.8160727 0.1067579 0.4821582 0.8686826 0.1136403 0.4821581 0.8686826 0.1136402 0.3915366 0.9123886 0.1193581 0.3915369 0.9123884 0.1193575 0.2970576 0.9467925 0.1238586 0.2970581 0.9467923 0.1238586 0.1996662 0.9715856 0.1271017 0.1996668 0.9715855 0.127102 0.1003216 0.9865491 0.1290599 0.1003226 0.9865491 0.1290592 0 0.9915515 0.1297139 0 0.9915515 0.1297139 -0.1003223 0.9865491 0.1290597 -0.1003223 0.9865492 0.1290591 -0.1996669 0.9715855 0.127102 -0.199666 0.9715856 0.1271023 -0.2970576 0.9467924 0.1238589 -0.2970571 0.9467926 0.1238584 -0.3915371 0.9123884 0.1193581 -0.3915368 0.9123885 0.1193578 -0.4821581 0.8686826 0.1136403 -0.4821574 0.8686829 0.1136404 -0.5680041 0.8160725 0.1067578 -0.5680034 0.8160729 0.1067581 -0.6481868 0.755048 0.09877485 -0.6481871 0.7550478 0.09877479 -0.7218668 0.6861854 0.08976638 -0.7218669 0.6861854 0.08976614 -0.7882527 0.6101529 0.07981973 -0.7882521 0.6101536 0.07981979 -0.8466199 0.5277019 0.0690335 -0.8466203 0.5277013 0.06903356 -0.8963183 0.4396651 0.05751669 -0.896318 0.4396658 0.05751681 -0.9367853 0.3469485 0.0453875 -0.9367856 0.3469477 0.0453875 -0.9675574 0.2505167 0.03277248 -0.9675571 0.2505178 0.03277248 -0.9882742 0.1513994 0.01980596 -0.9882745 0.1513975 0.01980602 -0.9986947 0.05064624 0.006625413 -0.9986948 0.05064404 0.006625413 -0.9986948 -0.05064398 -0.006625175 -0.9986947 -0.05064624 -0.006625175 -0.9882746 -0.1513974 -0.01980578 -0.9882743 -0.1513997 -0.01980578 -0.9675571 -0.2505178 -0.0327723 -0.9675574 -0.2505167 -0.0327723 -0.9367856 -0.3469479 -0.04538744 -0.9367852 -0.3469489 -0.04538738 -0.8963181 -0.4396656 -0.05751657 -0.8963183 -0.4396651 -0.05751645 -0.8466201 -0.5277016 -0.0690335 -0.8466196 -0.5277024 -0.06903344 -0.7882517 -0.6101542 -0.0798195 -0.7882527 -0.6101529 -0.07981985 -0.7218663 -0.686186 -0.0897662 -0.7218666 -0.6861857 -0.0897662 -0.6481877 -0.7550472 -0.09877473 -0.5680036 -0.8160728 -0.1067579 -0.5680034 -0.8160729 -0.1067579 -0.4821579 -0.8686828 -0.1136401 -0.4821577 -0.8686829 -0.1136404 -0.3915366 -0.9123886 -0.1193578 -0.2970587 -0.9467922 -0.1238583 -0.2970575 -0.9467925 -0.1238586 -0.1996654 -0.9715858 -0.1271017 -0.199665 -0.9715858 -0.127102 -0.1003245 -0.9865489 -0.1290597 -0.1003243 -0.986549 -0.1290594 0 -0.9915515 -0.1297139 0 -0.9915515 -0.1297139 0.1003238 -0.9865489 -0.1290597 0.1003247 -0.986549 -0.1290593 0.199665 -0.9715858 -0.127102 0.1996653 -0.9715857 -0.1271023 0.2970581 -0.9467923 -0.1238586 0.2970587 -0.9467921 -0.1238585 0.3915357 -0.912389 -0.1193581 0.3915368 -0.9123885 -0.1193578 0.4821575 -0.868683 -0.1136404 0.4821588 -0.8686822 -0.1136405 0.5680028 -0.8160733 -0.1067579 0.5680034 -0.8160729 -0.1067579 0.6481881 -0.755047 -0.09877467 0.6481886 -0.7550464 -0.09877461 0.7218658 -0.6861865 -0.08976656 0.7218657 -0.6861866 -0.08976614 0.788253 -0.6101526 -0.07981973 0.7882527 -0.6101529 -0.07981985 0.84662 -0.5277018 -0.06903362 0.8466196 -0.5277024 -0.06903356 0.8963181 -0.4396654 -0.05751675 0.8963183 -0.4396651 -0.05751669 0.9367855 -0.346948 -0.04538744 0.9367864 -0.3469459 -0.04538744 0.9675566 -0.25052 -0.03277266 0.9675574 -0.2505167 -0.03277271 0.9882743 -0.1513997 -0.01980584 0.9882749 -0.1513951 -0.01980584</float_array>
          <technique_common>
            <accessor source="#apex_v3_1-mesh-normals-array" count="2266" stride="3">
              <param name="X" type="float"/>
              <param name="Y" type="float"/>
              <param name="Z" type="float"/>
            </accessor>
          </technique_common>
        </source>
        <vertices id="apex_v3_1-mesh-vertices">
          <input semantic="POSITION" source="#apex_v3_1-mesh-positions"/>
        </vertices>
        <triangles count="3615">
          <input semantic="VERTEX" source="#apex_v3_1-mesh-vertices" offset="0"/>
          <input semantic="NORMAL" source="#apex_v3_1-mesh-normals" offset="1"/>
          <p>0 0 1 0 2 0 2 1 1 1 3 1 2 2 3 2 4 2 4 3 3 3 5 3 4 4 5 4 6 4 6 5 5 5 7 5 6 6 7 6 8 6 8 7 7 7 9 7 1 8 0 8 10 8 10 9 0 9 11 9 10 10 11 10 12 10 12 11 11 11 13 11 12 12 13 12 14 12 14 13 13 13 15 13 14 14 15 14 16 14 16 15 15 15 17 15 16 16 17 16 18 16 18 17 17 17 19 17 18 18 19 18 20 18 20 19 19 19 21 19 20 20 21 20 22 20 22 21 21 21 23 21 22 22 23 22 24 22 24 23 23 23 25 23 24 24 25 24 26 24 26 25 25 25 27 25 26 26 27 26 28 26 28 27 27 27 29 27 28 28 29 28 30 28 30 29 29 29 31 29 30 30 31 30 32 30 32 31 31 31 33 31 32 32 33 32 34 32 34 33 33 33 35 33 34 34 35 34 36 34 36 35 35 35 37 35 36 36 37 36 38 36 38 37 37 37 39 37 38 38 39 38 40 38 40 39 39 39 41 39 40 40 41 40 42 40 42 41 41 41 43 41 42 42 43 42 44 42 44 43 43 43 45 43 44 44 45 44 46 44 46 45 45 45 47 45 46 46 47 46 48 46 48 47 47 47 49 47 48 48 49 48 50 48 50 49 49 49 51 49 50 50 51 50 4 50 4 51 51 51 2 51 8 52 9 52 52 52 52 53 9 53 53 53 53 54 9 54 54 54 54 55 9 55 55 55 55 56 9 56 56 56 56 57 9 57 57 57 57 58 9 58 58 58 59 59 9 59 60 59 60 60 9 60 61 60 61 61 9 61 62 61 62 62 9 62 63 62 63 63 9 63 64 63 64 64 9 64 65 64 65 65 9 65 66 65 67 66 9 66 68 66 68 67 9 67 69 67 69 68 9 68 70 68 70 69 9 69 71 69 71 70 9 70 72 70 72 71 9 71 73 71 73 72 9 72 7 72 73 73 7 73 5 73 5 74 3 74 74 74 74 75 3 75 1 75 74 76 1 76 75 76 75 77 1 77 10 77 75 78 10 78 76 78 76 79 10 79 12 79 76 80 12 80 77 80 77 81 12 81 14 81 77 82 14 82 78 82 78 83 14 83 16 83 78 84 16 84 79 84 79 85 16 85 18 85 79 86 18 86 80 86 80 87 18 87 20 87 80 88 20 88 81 88 81 89 20 89 22 89 81 90 22 90 82 90 82 91 22 91 24 91 82 92 24 92 83 92 83 93 24 93 26 93 83 94 26 94 84 94 84 95 26 95 28 95 84 96 28 96 85 96 85 97 28 97 30 97 85 98 30 98 86 98 86 99 30 99 32 99 86 100 32 100 87 100 87 101 32 101 34 101 87 102 34 102 88 102 88 103 34 103 36 103 88 104 36 104 89 104 89 105 36 105 38 105 89 106 38 106 90 106 90 107 38 107 40 107 90 108 40 108 91 108 91 109 40 109 42 109 91 110 42 110 92 110 92 111 42 111 44 111 92 112 44 112 93 112 93 113 44 113 46 113 93 114 46 114 94 114 94 115 46 115 48 115 94 116 48 116 95 116 95 117 48 117 50 117 95 118 50 118 6 118 6 119 50 119 4 119 66 120 9 120 67 120 58 121 9 121 59 121 72 122 73 122 74 122 74 123 73 123 5 123 72 124 74 124 75 124 71 125 72 125 75 125 71 126 75 126 76 126 70 127 71 127 76 127 70 128 76 128 77 128 69 129 70 129 77 129 69 130 77 130 78 130 68 131 69 131 78 131 68 132 78 132 79 132 67 133 68 133 79 133 67 134 79 134 80 134 66 135 67 135 80 135 66 136 80 136 81 136 65 137 66 137 81 137 65 138 81 138 82 138 64 139 65 139 82 139 64 140 82 140 83 140 63 141 64 141 83 141 63 142 83 142 84 142 62 143 63 143 84 143 62 144 84 144 85 144 61 145 62 145 85 145 61 146 85 146 86 146 60 147 61 147 86 147 60 148 86 148 87 148 59 149 60 149 87 149 59 150 87 150 88 150 58 151 59 151 88 151 58 152 88 152 89 152 57 153 58 153 89 153 57 154 89 154 90 154 56 155 57 155 90 155 56 156 90 156 91 156 55 157 56 157 91 157 55 158 91 158 92 158 54 159 55 159 92 159 54 160 92 160 93 160 53 161 54 161 93 161 53 162 93 162 94 162 52 163 53 163 94 163 52 164 94 164 95 164 8 165 52 165 95 165 8 166 95 166 6 166 51 167 96 167 2 167 2 168 96 168 97 168 2 169 97 169 98 169 49 170 99 170 51 170 51 171 99 171 100 171 51 172 100 172 101 172 47 173 102 173 49 173 49 174 102 174 103 174 49 175 103 175 104 175 45 176 105 176 47 176 47 177 105 177 106 177 47 178 106 178 107 178 43 179 108 179 45 179 45 180 108 180 109 180 45 181 109 181 110 181 41 182 111 182 43 182 43 183 111 183 112 183 43 184 112 184 113 184 39 185 114 185 41 185 41 186 114 186 115 186 41 187 115 187 116 187 37 188 117 188 39 188 39 189 117 189 118 189 39 190 118 190 119 190 35 191 120 191 37 191 37 192 120 192 121 192 37 193 121 193 122 193 33 194 123 194 35 194 35 195 123 195 124 195 35 196 124 196 125 196 31 197 126 197 33 197 33 198 126 198 127 198 33 199 127 199 128 199 29 200 129 200 31 200 31 201 129 201 130 201 31 202 130 202 131 202 27 203 132 203 29 203 29 204 132 204 133 204 29 205 133 205 134 205 25 206 135 206 27 206 27 207 135 207 136 207 27 208 136 208 137 208 23 209 138 209 25 209 25 210 138 210 139 210 25 211 139 211 140 211 21 212 141 212 23 212 23 213 141 213 142 213 23 214 142 214 143 214 19 215 144 215 21 215 21 216 144 216 145 216 21 217 145 217 146 217 17 218 147 218 19 218 19 219 147 219 148 219 19 220 148 220 149 220 15 221 150 221 17 221 17 222 150 222 151 222 17 223 151 223 152 223 13 224 153 224 15 224 15 225 153 225 154 225 15 226 154 226 155 226 11 227 156 227 13 227 13 228 156 228 157 228 13 229 157 229 158 229 0 230 159 230 11 230 11 231 159 231 160 231 11 232 160 232 161 232 2 233 162 233 0 233 0 234 162 234 163 234 0 235 163 235 164 235 131 236 126 236 31 236 128 237 165 237 33 237 33 238 165 238 123 238 125 239 120 239 35 239 122 240 117 240 37 240 119 241 114 241 39 241 116 242 166 242 41 242 41 243 166 243 111 243 113 244 108 244 43 244 110 245 105 245 45 245 107 246 102 246 47 246 104 247 167 247 49 247 49 248 167 248 99 248 101 249 96 249 51 249 98 250 162 250 2 250 164 251 159 251 0 251 161 252 168 252 11 252 11 253 168 253 156 253 158 254 153 254 13 254 155 255 150 255 15 255 152 256 147 256 17 256 149 257 169 257 19 257 19 258 169 258 144 258 146 259 141 259 21 259 143 260 138 260 23 260 140 261 135 261 25 261 137 262 170 262 27 262 27 263 170 263 132 263 134 264 129 264 29 264 134 265 98 265 129 265 129 266 98 266 97 266 129 267 97 267 130 267 130 266 97 266 96 266 130 268 96 268 101 268 98 266 134 266 162 266 162 266 134 266 133 266 162 269 133 269 163 269 163 266 133 266 132 266 163 270 132 270 164 270 164 266 132 266 170 266 164 271 170 271 159 271 159 266 170 266 137 266 159 266 137 266 160 266 160 266 137 266 136 266 160 272 136 272 161 272 161 266 136 266 135 266 161 266 135 266 168 266 168 266 135 266 140 266 168 273 140 273 156 273 156 266 140 266 139 266 156 266 139 266 157 266 157 266 139 266 138 266 157 266 138 266 158 266 158 266 138 266 143 266 158 274 143 274 153 274 153 266 143 266 142 266 153 275 142 275 154 275 154 276 142 276 141 276 154 266 141 266 155 266 155 277 141 277 146 277 155 278 146 278 150 278 150 279 146 279 145 279 150 266 145 266 151 266 151 266 145 266 144 266 151 280 144 280 152 280 152 281 144 281 169 281 152 266 169 266 147 266 147 282 169 282 149 282 147 283 149 283 148 283 101 266 100 266 130 266 130 284 100 284 99 284 130 285 99 285 167 285 167 266 104 266 130 266 130 286 104 286 103 286 130 287 103 287 102 287 102 266 107 266 130 266 130 266 107 266 106 266 130 288 106 288 105 288 105 289 110 289 130 289 130 290 110 290 109 290 130 291 109 291 108 291 108 266 113 266 130 266 130 292 113 292 112 292 130 293 112 293 111 293 111 266 166 266 130 266 130 294 166 294 116 294 130 295 116 295 115 295 115 266 114 266 130 266 130 296 114 296 119 296 130 297 119 297 118 297 118 266 117 266 130 266 130 298 117 298 122 298 130 299 122 299 121 299 121 300 120 300 130 300 130 301 120 301 125 301 130 302 125 302 124 302 124 266 123 266 130 266 130 303 123 303 165 303 130 304 165 304 128 304 128 305 127 305 130 305 130 306 127 306 126 306 130 307 126 307 131 307 171 266 172 266 173 266 173 266 172 266 174 266 173 266 174 266 175 266 175 266 174 266 176 266 175 266 176 266 177 266 177 266 176 266 178 266 177 266 178 266 179 266 179 266 178 266 180 266 179 266 180 266 181 266 181 266 180 266 182 266 181 266 182 266 183 266 183 266 182 266 184 266 183 266 184 266 185 266 185 266 184 266 186 266 185 266 186 266 187 266 187 266 186 266 188 266 187 266 188 266 189 266 189 266 188 266 190 266 189 266 190 266 191 266 191 266 190 266 192 266 191 266 192 266 193 266 193 266 192 266 194 266 193 266 194 266 195 266 195 266 194 266 196 266 195 266 196 266 197 266 197 266 196 266 198 266 197 266 198 266 199 266 199 266 198 266 200 266 199 266 200 266 201 266 201 266 200 266 202 266 201 266 202 266 203 266 203 266 202 266 204 266 172 266 171 266 205 266 205 266 171 266 206 266 205 266 206 266 207 266 207 266 206 266 208 266 207 266 208 266 209 266 209 266 208 266 210 266 209 266 210 266 211 266 211 266 210 266 212 266 211 266 212 266 213 266 213 266 212 266 214 266 213 266 214 266 215 266 215 266 214 266 216 266 215 266 216 266 217 266 217 266 216 266 218 266 217 266 218 266 219 266 219 266 218 266 220 266 219 266 220 266 221 266 221 266 220 266 222 266 221 266 222 266 223 266 223 266 222 266 224 266 223 266 224 266 225 266 225 266 224 266 226 266 225 266 226 266 227 266 227 266 226 266 228 266 227 266 228 266 229 266 229 266 228 266 230 266 229 266 230 266 231 266 231 266 230 266 232 266 134 308 233 308 129 308 129 309 233 309 234 309 129 310 234 310 130 310 130 311 234 311 235 311 130 312 235 312 131 312 131 313 235 313 236 313 131 314 236 314 126 314 126 315 236 315 237 315 126 316 237 316 127 316 127 317 237 317 238 317 127 318 238 318 128 318 128 319 238 319 239 319 128 320 239 320 165 320 165 321 239 321 240 321 165 322 240 322 123 322 123 323 240 323 241 323 123 324 241 324 124 324 124 325 241 325 242 325 124 326 242 326 125 326 125 327 242 327 243 327 125 328 243 328 120 328 120 329 243 329 244 329 120 330 244 330 121 330 121 331 244 331 245 331 121 332 245 332 122 332 122 333 245 333 246 333 122 334 246 334 117 334 117 335 246 335 247 335 117 336 247 336 118 336 118 337 247 337 248 337 118 338 248 338 119 338 119 339 248 339 249 339 119 340 249 340 114 340 114 341 249 341 250 341 114 342 250 342 115 342 115 343 250 343 251 343 115 344 251 344 116 344 116 345 251 345 252 345 116 346 252 346 166 346 166 347 252 347 253 347 166 348 253 348 111 348 111 349 253 349 254 349 111 350 254 350 112 350 112 351 254 351 255 351 112 352 255 352 113 352 113 353 255 353 256 353 113 354 256 354 108 354 108 355 256 355 257 355 108 356 257 356 109 356 109 357 257 357 258 357 109 358 258 358 110 358 110 359 258 359 259 359 110 360 259 360 105 360 105 361 259 361 260 361 105 362 260 362 106 362 106 363 260 363 261 363 106 364 261 364 107 364 107 365 261 365 262 365 107 366 262 366 102 366 102 367 262 367 263 367 102 368 263 368 103 368 103 369 263 369 264 369 103 370 264 370 104 370 104 371 264 371 265 371 104 372 265 372 167 372 167 373 265 373 266 373 167 374 266 374 99 374 99 375 266 375 267 375 99 376 267 376 100 376 100 377 267 377 268 377 100 378 268 378 101 378 101 379 268 379 269 379 101 380 269 380 96 380 96 381 269 381 270 381 96 382 270 382 97 382 97 383 270 383 271 383 97 384 271 384 98 384 98 385 271 385 272 385 98 386 272 386 162 386 162 387 272 387 273 387 162 388 273 388 163 388 163 389 273 389 274 389 163 390 274 390 164 390 164 391 274 391 275 391 164 392 275 392 159 392 159 393 275 393 276 393 159 394 276 394 160 394 160 395 276 395 277 395 160 396 277 396 161 396 161 397 277 397 278 397 161 398 278 398 168 398 168 399 278 399 279 399 168 400 279 400 156 400 156 401 279 401 280 401 156 402 280 402 157 402 157 403 280 403 281 403 157 404 281 404 158 404 158 405 281 405 282 405 158 406 282 406 153 406 153 407 282 407 283 407 153 408 283 408 154 408 154 409 283 409 284 409 154 410 284 410 155 410 155 411 284 411 285 411 155 412 285 412 150 412 150 413 285 413 286 413 150 414 286 414 151 414 151 415 286 415 287 415 151 416 287 416 152 416 152 417 287 417 288 417 152 418 288 418 147 418 147 419 288 419 289 419 147 420 289 420 148 420 148 421 289 421 290 421 148 422 290 422 149 422 149 423 290 423 291 423 149 424 291 424 169 424 169 425 291 425 292 425 169 426 292 426 144 426 144 427 292 427 293 427 144 428 293 428 145 428 145 429 293 429 294 429 145 430 294 430 146 430 146 431 294 431 295 431 146 432 295 432 141 432 141 433 295 433 296 433 141 434 296 434 142 434 142 435 296 435 297 435 142 436 297 436 143 436 143 437 297 437 298 437 143 438 298 438 138 438 138 439 298 439 299 439 138 440 299 440 139 440 139 441 299 441 300 441 139 442 300 442 140 442 140 443 300 443 301 443 140 444 301 444 135 444 135 445 301 445 302 445 135 446 302 446 136 446 136 447 302 447 303 447 136 448 303 448 137 448 137 449 303 449 304 449 137 450 304 450 170 450 170 451 304 451 305 451 170 452 305 452 132 452 132 453 305 453 306 453 132 454 306 454 133 454 133 455 306 455 307 455 133 456 307 456 134 456 134 457 307 457 233 457 270 458 308 458 271 458 271 459 308 459 309 459 271 460 309 460 272 460 272 461 309 461 310 461 272 462 310 462 273 462 273 463 310 463 311 463 273 464 311 464 274 464 274 465 311 465 312 465 274 466 312 466 275 466 275 467 312 467 313 467 275 468 313 468 276 468 276 469 313 469 314 469 276 470 314 470 277 470 277 471 314 471 315 471 277 472 315 472 278 472 278 473 315 473 316 473 278 474 316 474 279 474 279 475 316 475 317 475 279 476 317 476 280 476 280 477 317 477 318 477 280 478 318 478 281 478 281 479 318 479 319 479 281 480 319 480 282 480 282 481 319 481 320 481 282 482 320 482 283 482 283 483 320 483 321 483 283 484 321 484 284 484 284 485 321 485 322 485 284 486 322 486 285 486 285 487 322 487 323 487 285 488 323 488 286 488 286 489 323 489 324 489 286 490 324 490 287 490 287 491 324 491 325 491 287 492 325 492 288 492 288 493 325 493 326 493 288 494 326 494 289 494 289 495 326 495 327 495 289 496 327 496 290 496 290 497 327 497 328 497 290 498 328 498 291 498 291 499 328 499 329 499 291 500 329 500 292 500 292 501 329 501 330 501 292 502 330 502 293 502 293 503 330 503 331 503 293 504 331 504 294 504 294 505 331 505 332 505 294 506 332 506 295 506 295 507 332 507 333 507 295 508 333 508 296 508 296 509 333 509 334 509 296 510 334 510 297 510 297 511 334 511 335 511 297 512 335 512 298 512 298 513 335 513 336 513 298 514 336 514 299 514 299 515 336 515 337 515 299 516 337 516 300 516 300 517 337 517 338 517 300 518 338 518 301 518 301 519 338 519 339 519 301 520 339 520 302 520 302 521 339 521 340 521 302 522 340 522 303 522 303 523 340 523 341 523 303 524 341 524 304 524 304 525 341 525 342 525 304 526 342 526 305 526 305 527 342 527 343 527 305 528 343 528 306 528 306 529 343 529 344 529 306 530 344 530 307 530 307 531 344 531 345 531 307 532 345 532 233 532 233 533 345 533 346 533 233 534 346 534 234 534 234 535 346 535 347 535 234 536 347 536 235 536 235 537 347 537 348 537 235 538 348 538 236 538 236 539 348 539 349 539 236 540 349 540 237 540 237 541 349 541 350 541 237 542 350 542 238 542 238 543 350 543 351 543 238 544 351 544 239 544 239 545 351 545 352 545 239 546 352 546 240 546 240 547 352 547 353 547 240 548 353 548 241 548 241 549 353 549 354 549 241 550 354 550 242 550 242 551 354 551 355 551 242 552 355 552 243 552 243 553 355 553 356 553 243 554 356 554 244 554 244 555 356 555 357 555 244 556 357 556 245 556 245 557 357 557 358 557 245 558 358 558 246 558 246 559 358 559 359 559 246 560 359 560 247 560 247 561 359 561 360 561 247 562 360 562 248 562 248 563 360 563 361 563 248 564 361 564 249 564 249 565 361 565 362 565 249 566 362 566 250 566 250 567 362 567 363 567 250 568 363 568 251 568 251 569 363 569 364 569 251 570 364 570 252 570 252 571 364 571 365 571 252 572 365 572 253 572 253 573 365 573 366 573 253 574 366 574 254 574 254 575 366 575 367 575 254 576 367 576 255 576 255 577 367 577 368 577 255 578 368 578 256 578 256 579 368 579 369 579 256 580 369 580 257 580 257 581 369 581 370 581 257 582 370 582 258 582 258 583 370 583 371 583 258 584 371 584 259 584 259 585 371 585 372 585 259 586 372 586 260 586 260 587 372 587 373 587 260 588 373 588 261 588 261 589 373 589 374 589 261 590 374 590 262 590 262 591 374 591 375 591 262 592 375 592 263 592 263 593 375 593 376 593 263 594 376 594 264 594 264 595 376 595 377 595 264 596 377 596 265 596 265 597 377 597 378 597 265 598 378 598 266 598 266 599 378 599 379 599 266 600 379 600 267 600 267 601 379 601 380 601 267 602 380 602 268 602 268 603 380 603 381 603 268 604 381 604 269 604 269 605 381 605 382 605 269 606 382 606 270 606 270 607 382 607 308 607 383 608 347 608 384 608 384 609 347 609 346 609 384 610 346 610 385 610 385 611 346 611 345 611 385 612 345 612 386 612 386 612 345 612 344 612 386 613 344 613 387 613 387 614 344 614 343 614 387 615 343 615 388 615 388 616 343 616 342 616 388 617 342 617 389 617 389 618 342 618 341 618 389 619 341 619 390 619 390 620 341 620 340 620 390 621 340 621 391 621 391 622 340 622 339 622 391 623 339 623 392 623 392 624 339 624 338 624 392 625 338 625 393 625 393 626 338 626 337 626 393 627 337 627 394 627 394 628 337 628 336 628 394 629 336 629 395 629 395 630 336 630 335 630 395 631 335 631 396 631 396 632 335 632 334 632 396 633 334 633 397 633 397 634 334 634 333 634 397 635 333 635 398 635 398 635 333 635 332 635 398 636 332 636 399 636 399 637 332 637 331 637 399 638 331 638 400 638 400 639 331 639 330 639 400 640 330 640 401 640 401 641 330 641 329 641 401 642 329 642 402 642 402 643 329 643 328 643 402 644 328 644 403 644 403 645 328 645 327 645 403 646 327 646 404 646 404 647 327 647 326 647 404 648 326 648 405 648 405 648 326 648 325 648 405 649 325 649 406 649 406 650 325 650 324 650 406 651 324 651 407 651 407 652 324 652 323 652 407 653 323 653 408 653 408 654 323 654 322 654 408 655 322 655 409 655 409 656 322 656 321 656 409 657 321 657 410 657 410 658 321 658 320 658 410 659 320 659 411 659 411 660 320 660 319 660 411 661 319 661 412 661 412 662 319 662 318 662 412 663 318 663 413 663 413 664 318 664 317 664 413 665 317 665 414 665 414 666 317 666 316 666 414 667 316 667 415 667 415 667 316 667 315 667 415 668 315 668 416 668 416 669 315 669 314 669 416 670 314 670 417 670 417 671 314 671 313 671 417 672 313 672 418 672 418 673 313 673 312 673 418 674 312 674 419 674 419 675 312 675 311 675 419 676 311 676 420 676 420 677 311 677 310 677 420 678 310 678 421 678 421 679 310 679 309 679 421 680 309 680 422 680 422 680 309 680 308 680 422 681 308 681 423 681 423 682 308 682 382 682 423 683 382 683 424 683 424 684 382 684 381 684 424 685 381 685 425 685 425 686 381 686 380 686 425 687 380 687 426 687 426 688 380 688 379 688 426 689 379 689 427 689 427 690 379 690 378 690 427 691 378 691 428 691 428 692 378 692 377 692 428 693 377 693 429 693 429 693 377 693 376 693 429 694 376 694 430 694 430 695 376 695 375 695 430 696 375 696 431 696 431 697 375 697 374 697 431 698 374 698 432 698 432 699 374 699 373 699 432 700 373 700 433 700 433 701 373 701 372 701 433 702 372 702 434 702 434 703 372 703 371 703 434 704 371 704 435 704 435 705 371 705 370 705 435 706 370 706 436 706 436 707 370 707 369 707 436 708 369 708 437 708 437 709 369 709 368 709 437 710 368 710 438 710 438 711 368 711 367 711 438 712 367 712 439 712 439 713 367 713 366 713 439 714 366 714 440 714 440 715 366 715 365 715 440 716 365 716 441 716 441 717 365 717 364 717 441 718 364 718 442 718 442 719 364 719 363 719 442 720 363 720 443 720 443 721 363 721 362 721 443 722 362 722 444 722 444 723 362 723 361 723 444 724 361 724 445 724 445 725 361 725 360 725 445 726 360 726 446 726 446 726 360 726 359 726 446 727 359 727 447 727 447 728 359 728 358 728 447 729 358 729 448 729 448 730 358 730 357 730 448 731 357 731 449 731 449 732 357 732 356 732 449 733 356 733 450 733 450 734 356 734 355 734 450 735 355 735 451 735 451 736 355 736 354 736 451 737 354 737 452 737 452 738 354 738 353 738 452 739 353 739 453 739 453 740 353 740 352 740 453 741 352 741 454 741 454 742 352 742 351 742 454 743 351 743 455 743 455 744 351 744 350 744 455 745 350 745 456 745 456 746 350 746 349 746 456 747 349 747 457 747 457 748 349 748 348 748 457 749 348 749 383 749 383 750 348 750 347 750 385 751 458 751 384 751 384 752 458 752 459 752 384 752 459 752 460 752 386 753 461 753 385 753 385 754 461 754 462 754 385 755 462 755 463 755 463 756 462 756 464 756 463 757 464 757 465 757 465 758 464 758 466 758 466 759 464 759 467 759 466 760 467 760 468 760 468 752 467 752 469 752 468 761 469 761 470 761 470 762 469 762 471 762 470 763 471 763 472 763 472 752 471 752 473 752 472 764 473 764 474 764 474 752 473 752 475 752 474 752 475 752 476 752 461 752 386 752 477 752 477 765 386 765 387 765 477 752 387 752 478 752 478 752 387 752 388 752 478 766 388 766 479 766 479 767 388 767 389 767 479 768 389 768 480 768 480 769 389 769 390 769 480 752 390 752 481 752 481 752 390 752 482 752 482 752 390 752 391 752 482 752 391 752 483 752 483 752 391 752 392 752 483 752 392 752 484 752 484 752 392 752 393 752 484 752 393 752 485 752 485 752 393 752 486 752 486 752 393 752 394 752 486 770 394 770 487 770 487 752 394 752 395 752 487 752 395 752 488 752 488 752 395 752 396 752 488 752 396 752 489 752 489 752 396 752 490 752 490 752 396 752 397 752 490 752 397 752 491 752 491 752 397 752 398 752 491 752 398 752 492 752 492 771 398 771 399 771 492 752 399 752 493 752 493 752 399 752 400 752 493 752 400 752 494 752 494 772 400 772 495 772 495 773 400 773 401 773 495 752 401 752 496 752 496 774 401 774 402 774 496 752 402 752 497 752 497 752 402 752 498 752 498 752 402 752 499 752 499 775 402 775 403 775 499 752 403 752 500 752 500 776 403 776 404 776 500 752 404 752 501 752 501 777 404 777 502 777 501 778 502 778 503 778 502 752 404 752 504 752 504 779 404 779 405 779 504 780 405 780 505 780 505 781 405 781 406 781 505 752 406 752 506 752 506 782 406 782 407 782 506 752 407 752 507 752 507 752 407 752 408 752 507 783 408 783 508 783 508 752 408 752 509 752 509 784 408 784 409 784 509 752 409 752 510 752 510 752 409 752 410 752 510 752 410 752 511 752 511 752 410 752 411 752 511 752 411 752 512 752 512 752 411 752 513 752 513 752 411 752 412 752 513 752 412 752 514 752 514 752 412 752 413 752 514 752 413 752 515 752 515 785 413 785 414 785 515 786 414 786 516 786 516 752 414 752 517 752 517 787 414 787 415 787 517 752 415 752 518 752 518 752 415 752 416 752 518 752 416 752 519 752 519 788 416 788 417 788 519 752 417 752 520 752 520 789 417 789 418 789 520 752 418 752 521 752 521 752 418 752 522 752 522 752 418 752 419 752 522 752 419 752 523 752 523 790 419 790 420 790 523 791 420 791 524 791 524 792 420 792 525 792 524 752 525 752 526 752 526 793 525 793 527 793 526 794 527 794 528 794 525 795 420 795 529 795 529 796 420 796 421 796 529 797 421 797 530 797 530 752 421 752 422 752 530 798 422 798 531 798 531 752 422 752 423 752 531 799 423 799 532 799 532 752 423 752 533 752 532 800 533 800 534 800 533 752 423 752 535 752 535 801 423 801 424 801 535 752 424 752 536 752 536 752 424 752 425 752 536 752 425 752 537 752 537 802 425 802 538 802 538 803 425 803 426 803 538 752 426 752 539 752 539 804 426 804 427 804 539 752 427 752 540 752 540 805 427 805 428 805 540 806 428 806 541 806 541 807 428 807 429 807 541 752 429 752 542 752 542 752 429 752 543 752 543 808 429 808 430 808 543 752 430 752 544 752 544 752 430 752 431 752 544 809 431 809 545 809 545 752 431 752 432 752 545 752 432 752 546 752 546 752 432 752 547 752 547 752 432 752 433 752 547 810 433 810 548 810 548 811 433 811 434 811 548 752 434 752 549 752 549 812 434 812 435 812 549 752 435 752 550 752 550 752 435 752 551 752 551 752 435 752 436 752 551 752 436 752 552 752 552 813 436 813 437 813 552 752 437 752 553 752 553 814 437 814 438 814 553 752 438 752 554 752 554 815 438 815 439 815 554 816 439 816 555 816 555 752 439 752 556 752 555 752 556 752 557 752 557 817 556 817 558 817 557 818 558 818 559 818 556 752 439 752 560 752 560 819 439 819 440 819 560 820 440 820 561 820 561 775 440 775 441 775 561 752 441 752 562 752 562 752 441 752 563 752 563 821 441 821 564 821 563 822 564 822 565 822 441 752 442 752 564 752 564 752 442 752 566 752 566 823 442 823 443 823 566 752 443 752 567 752 567 752 443 752 568 752 568 752 443 752 444 752 568 752 444 752 569 752 569 771 444 771 445 771 569 752 445 752 570 752 570 752 445 752 446 752 570 824 446 824 571 824 571 825 446 825 447 825 571 752 447 752 572 752 572 826 447 826 573 826 573 827 447 827 448 827 573 828 448 828 574 828 574 752 448 752 449 752 574 752 449 752 575 752 575 829 449 829 450 829 575 752 450 752 576 752 576 752 450 752 577 752 577 830 450 830 451 830 577 752 451 752 578 752 578 831 451 831 452 831 578 832 452 832 579 832 579 752 452 752 453 752 579 752 453 752 580 752 580 752 453 752 581 752 581 833 453 833 454 833 581 834 454 834 582 834 582 835 454 835 455 835 582 836 455 836 583 836 583 837 455 837 456 837 583 838 456 838 584 838 584 752 456 752 457 752 584 752 457 752 585 752 585 839 457 839 383 839 585 752 383 752 586 752 586 840 383 840 587 840 586 752 587 752 588 752 588 752 587 752 589 752 588 752 589 752 590 752 587 752 383 752 460 752 460 841 383 841 384 841 591 752 592 752 565 752 565 842 592 842 593 842 565 843 593 843 563 843 592 752 591 752 594 752 594 844 591 844 595 844 594 752 595 752 596 752 596 845 595 845 597 845 596 752 597 752 598 752 598 846 597 846 599 846 598 752 599 752 600 752 600 847 599 847 601 847 600 848 601 848 602 848 600 752 602 752 603 752 603 849 602 849 604 849 603 752 604 752 605 752 605 850 604 850 606 850 605 851 606 851 607 851 605 752 607 752 608 752 608 852 607 852 609 852 608 752 609 752 610 752 610 853 609 853 611 853 610 854 611 854 612 854 610 752 612 752 613 752 613 855 612 855 614 855 613 856 614 856 615 856 613 857 615 857 616 857 616 858 615 858 617 858 616 859 617 859 618 859 618 752 617 752 619 752 618 860 619 860 620 860 618 752 620 752 621 752 621 752 620 752 622 752 621 861 622 861 623 861 621 862 623 862 624 862 624 863 623 863 625 863 624 864 625 864 626 864 626 865 625 865 627 865 626 752 627 752 628 752 626 752 628 752 629 752 629 752 628 752 630 752 629 866 630 866 631 866 631 752 630 752 632 752 631 752 632 752 633 752 631 752 633 752 634 752 634 752 633 752 635 752 634 752 635 752 636 752 636 752 635 752 637 752 636 752 637 752 638 752 638 867 637 867 639 867 638 752 639 752 590 752 590 868 639 868 588 868 640 869 641 869 642 869 642 752 641 752 643 752 642 752 643 752 644 752 644 752 643 752 645 752 644 870 645 870 646 870 646 752 645 752 647 752 646 752 647 752 648 752 646 871 648 871 649 871 649 752 648 752 650 752 649 872 650 872 651 872 651 873 650 873 652 873 651 752 652 752 653 752 653 752 652 752 654 752 653 752 654 752 528 752 528 874 654 874 526 874 655 752 656 752 503 752 503 875 656 875 657 875 503 876 657 876 501 876 656 752 655 752 658 752 658 877 655 877 659 877 658 752 659 752 660 752 660 878 659 878 661 878 660 752 661 752 662 752 662 879 661 879 663 879 662 880 663 880 664 880 664 881 663 881 665 881 664 882 665 882 666 882 664 752 666 752 667 752 667 883 666 883 668 883 667 752 668 752 669 752 669 884 668 884 670 884 669 885 670 885 671 885 669 752 671 752 672 752 672 886 671 886 673 886 672 752 673 752 674 752 674 887 673 887 675 887 674 888 675 888 676 888 674 752 676 752 677 752 677 889 676 889 678 889 677 890 678 890 679 890 677 752 679 752 680 752 680 891 679 891 681 891 680 892 681 892 682 892 682 752 681 752 683 752 682 893 683 893 684 893 682 894 684 894 685 894 685 752 684 752 686 752 685 752 686 752 687 752 685 862 687 862 688 862 688 895 687 895 640 895 688 896 640 896 642 896 689 752 690 752 691 752 691 897 690 897 692 897 691 898 692 898 693 898 693 899 692 899 694 899 693 752 694 752 695 752 695 900 694 900 696 900 695 752 696 752 697 752 695 752 697 752 698 752 698 901 697 901 699 901 698 752 699 752 700 752 698 902 700 902 701 902 701 903 700 903 702 903 701 904 702 904 703 904 703 905 702 905 704 905 703 906 704 906 705 906 703 752 705 752 706 752 706 907 705 907 707 907 706 908 707 908 708 908 706 909 708 909 709 909 709 910 708 910 710 910 709 752 710 752 711 752 711 911 710 911 712 911 711 912 712 912 713 912 711 752 713 752 714 752 714 913 713 913 715 913 714 752 715 752 716 752 716 882 715 882 717 882 716 914 717 914 718 914 716 752 718 752 719 752 719 915 718 915 720 915 719 752 720 752 721 752 721 916 720 916 722 916 721 752 722 752 723 752 723 917 722 917 724 917 723 752 724 752 559 752 559 752 724 752 557 752 725 752 726 752 534 752 534 752 726 752 727 752 534 752 727 752 532 752 726 752 725 752 728 752 728 918 725 918 729 918 728 752 729 752 730 752 730 752 729 752 731 752 730 919 731 919 732 919 732 752 731 752 733 752 732 752 733 752 734 752 734 752 733 752 735 752 734 752 735 752 736 752 734 752 736 752 737 752 737 752 736 752 689 752 737 752 689 752 691 752 474 752 476 752 738 752 738 752 476 752 739 752 738 752 739 752 740 752 740 752 739 752 741 752 740 920 741 920 742 920 740 921 742 921 743 921 743 922 742 922 744 922 743 752 744 752 745 752 745 752 744 752 746 752 745 752 746 752 747 752 745 923 747 923 748 923 748 901 747 901 749 901 748 752 749 752 750 752 748 924 750 924 751 924 751 925 750 925 752 925 751 752 752 752 753 752 753 926 752 926 754 926 753 927 754 927 755 927 753 752 755 752 756 752 756 928 755 928 757 928 756 929 757 929 758 929 756 752 758 752 759 752 759 930 758 930 760 930 759 752 760 752 761 752 761 931 760 931 762 931 761 932 762 932 763 932 761 752 763 752 764 752 764 933 763 933 765 933 764 752 765 752 766 752 766 848 765 848 767 848 766 934 767 934 768 934 766 752 768 752 769 752 769 935 768 935 770 935 769 752 770 752 771 752 771 936 770 936 772 936 771 752 772 752 773 752 773 937 772 937 774 937 773 752 774 752 775 752 775 938 774 938 776 938 775 752 776 752 777 752 777 752 776 752 497 752 497 939 776 939 496 939 463 940 458 940 385 940 778 266 779 266 780 266 780 266 779 266 781 266 780 266 781 266 782 266 782 266 781 266 783 266 782 266 783 266 784 266 784 266 783 266 785 266 784 266 785 266 786 266 784 266 786 266 787 266 787 266 786 266 788 266 787 266 788 266 789 266 789 266 788 266 790 266 789 266 790 266 791 266 791 266 790 266 792 266 791 266 792 266 793 266 793 266 792 266 794 266 793 266 794 266 795 266 795 266 794 266 796 266 795 266 796 266 797 266 797 266 796 266 798 266 797 266 798 266 799 266 799 266 798 266 800 266 799 266 800 266 801 266 796 266 794 266 802 266 802 266 794 266 803 266 802 266 803 266 804 266 804 266 803 266 805 266 804 266 805 266 806 266 806 266 805 266 807 266 806 266 807 266 808 266 808 266 807 266 809 266 808 266 809 266 810 266 807 266 811 266 809 266 809 266 811 266 812 266 812 266 811 266 813 266 812 266 813 266 814 266 814 266 813 266 815 266 814 266 815 266 816 266 814 266 816 266 817 266 817 266 816 266 818 266 817 266 818 266 819 266 819 266 818 266 820 266 819 266 820 266 821 266 821 266 820 266 822 266 821 266 822 266 823 266 821 266 823 266 824 266 824 266 823 266 825 266 824 266 825 266 826 266 826 266 825 266 827 266 826 266 827 266 828 266 828 266 827 266 829 266 828 266 829 266 830 266 830 266 829 266 831 266 830 266 831 266 832 266 829 266 833 266 831 266 831 266 833 266 834 266 834 266 833 266 835 266 834 266 835 266 836 266 836 266 835 266 837 266 836 266 837 266 838 266 838 266 837 266 839 266 838 266 839 266 840 266 840 266 839 266 841 266 840 266 841 266 842 266 841 266 839 266 843 266 843 266 839 266 844 266 843 266 844 266 845 266 845 266 844 266 846 266 845 266 846 266 847 266 847 266 846 266 848 266 847 266 848 266 849 266 849 266 848 266 850 266 849 266 850 266 851 266 851 266 850 266 852 266 851 266 852 266 853 266 851 266 853 266 854 266 854 266 853 266 778 266 854 266 778 266 780 266 855 266 856 266 857 266 857 266 856 266 858 266 857 266 858 266 859 266 859 266 858 266 860 266 859 266 860 266 861 266 861 266 860 266 862 266 862 266 860 266 863 266 862 266 863 266 864 266 864 266 863 266 865 266 864 266 865 266 866 266 866 266 865 266 867 266 867 266 865 266 868 266 867 266 868 266 869 266 869 266 868 266 870 266 869 266 870 266 871 266 871 266 870 266 872 266 872 266 870 266 873 266 872 266 873 266 874 266 874 266 873 266 875 266 874 266 875 266 876 266 876 266 875 266 877 266 876 266 877 266 878 266 878 266 877 266 879 266 879 266 877 266 880 266 879 266 880 266 881 266 881 266 880 266 882 266 881 266 882 266 883 266 883 266 882 266 884 266 883 266 884 266 885 266 856 266 855 266 886 266 886 266 855 266 887 266 886 266 887 266 888 266 886 266 888 266 889 266 889 266 888 266 890 266 889 266 890 266 891 266 891 266 890 266 892 266 891 266 892 266 893 266 893 266 892 266 894 266 894 266 892 266 895 266 894 266 895 266 896 266 896 266 895 266 897 266 896 266 897 266 898 266 898 941 897 941 899 941 898 942 899 942 900 942 900 266 899 266 901 266 901 266 899 266 902 266 901 943 902 943 903 943 903 266 902 266 904 266 903 944 904 944 905 944 905 266 904 266 906 266 905 266 906 266 907 266 907 266 906 266 908 266 908 945 906 945 909 945 908 266 909 266 910 266 910 266 909 266 911 266 910 266 911 266 912 266 912 266 911 266 913 266 912 266 913 266 914 266 914 266 913 266 915 266 915 266 913 266 916 266 915 266 916 266 917 266 917 266 916 266 918 266 917 266 918 266 919 266 919 266 918 266 920 266 919 266 920 266 921 266 895 266 922 266 897 266 897 266 922 266 923 266 923 266 922 266 924 266 923 266 924 266 925 266 925 266 924 266 926 266 925 266 926 266 927 266 927 266 926 266 928 266 927 266 928 266 929 266 929 266 928 266 930 266 929 266 930 266 931 266 931 266 930 266 932 266 931 266 932 266 933 266 931 266 933 266 934 266 934 266 933 266 935 266 934 266 935 266 936 266 936 266 935 266 937 266 936 266 937 266 938 266 936 266 938 266 939 266 939 266 938 266 940 266 939 266 940 266 941 266 941 266 940 266 942 266 941 266 942 266 943 266 943 266 942 266 944 266 943 266 944 266 945 266 943 266 945 266 946 266 946 266 945 266 947 266 946 266 947 266 948 266 948 266 947 266 949 266 948 266 949 266 950 266 950 266 949 266 951 266 950 266 951 266 952 266 952 266 951 266 953 266 952 266 953 266 954 266 954 266 953 266 885 266 885 266 953 266 883 266 955 266 956 266 957 266 957 266 956 266 958 266 957 266 958 266 921 266 921 266 958 266 919 266 956 266 955 266 959 266 959 266 955 266 960 266 959 266 960 266 961 266 959 266 961 266 962 266 962 266 961 266 963 266 962 266 963 266 964 266 964 266 963 266 965 266 964 266 965 266 966 266 964 266 966 266 967 266 967 266 966 266 968 266 967 266 968 266 969 266 969 266 968 266 970 266 969 266 970 266 971 266 969 266 971 266 972 266 972 266 971 266 973 266 972 266 973 266 974 266 974 266 973 266 975 266 974 266 975 266 976 266 976 266 975 266 977 266 976 266 977 266 978 266 976 266 978 266 842 266 842 266 978 266 840 266 830 266 832 266 979 266 979 266 832 266 980 266 979 266 980 266 981 266 981 266 980 266 982 266 981 266 982 266 983 266 981 266 983 266 984 266 984 266 983 266 985 266 984 266 985 266 986 266 986 266 985 266 987 266 986 266 987 266 988 266 988 266 987 266 989 266 988 266 989 266 990 266 988 266 990 266 991 266 991 266 990 266 992 266 991 266 992 266 993 266 993 266 992 266 994 266 993 266 994 266 995 266 993 266 995 266 996 266 996 266 995 266 997 266 996 266 997 266 998 266 998 266 997 266 999 266 998 266 999 266 1000 266 1000 266 999 266 1001 266 1000 266 1001 266 1002 266 1002 266 1001 266 1003 266 1002 266 1003 266 909 266 909 266 1003 266 911 266 1004 266 1005 266 1006 266 1006 266 1005 266 1007 266 1006 266 1007 266 1008 266 1008 266 1007 266 1009 266 1009 266 1007 266 1010 266 1009 266 1010 266 1011 266 1011 266 1010 266 1012 266 1011 266 1012 266 1013 266 1013 266 1012 266 1014 266 1013 266 1014 266 1015 266 1005 266 1004 266 1016 266 1016 266 1004 266 1017 266 1016 266 1017 266 1018 266 1018 266 1017 266 1019 266 1018 266 1019 266 1020 266 1018 266 1020 266 1021 266 1021 266 1020 266 1022 266 1021 266 1022 266 1023 266 1023 266 1022 266 1024 266 1023 266 1024 266 1025 266 1023 266 1025 266 1026 266 1026 266 1025 266 1027 266 1026 266 1027 266 1028 266 1028 266 1027 266 1029 266 1028 266 1029 266 1030 266 1030 266 1029 266 1031 266 1030 266 1031 266 1032 266 1030 266 1032 266 1033 266 1033 266 1032 266 1034 266 1033 266 1034 266 1035 266 1035 266 1034 266 1036 266 1035 266 1036 266 1037 266 1037 266 1036 266 1038 266 1037 266 1038 266 1039 266 1039 266 1038 266 1040 266 1040 266 1038 266 1041 266 1040 266 1041 266 1042 266 1042 266 1041 266 1043 266 1043 266 1041 266 1044 266 1043 266 1044 266 1045 266 1045 266 1044 266 1046 266 1045 266 1046 266 1047 266 1047 266 1046 266 1048 266 1047 266 1048 266 1049 266 1047 266 1049 266 1050 266 1050 266 1049 266 1051 266 1050 266 1051 266 1052 266 1052 266 1051 266 1053 266 1052 266 1053 266 1054 266 1054 266 1053 266 1055 266 1054 266 1055 266 1056 266 1054 266 1056 266 1057 266 1057 266 1056 266 1058 266 1057 266 1058 266 1059 266 1059 266 1058 266 1060 266 1059 266 1060 266 1061 266 1059 266 1061 266 1062 266 1062 266 1061 266 1063 266 1062 266 1063 266 1064 266 1064 266 1063 266 1065 266 1064 266 1065 266 1066 266 1064 266 1066 266 1067 266 1067 266 1066 266 1068 266 1067 266 1068 266 1069 266 1069 266 1068 266 1070 266 1069 266 1070 266 1071 266 1071 266 1070 266 1072 266 1071 266 1072 266 1073 266 1071 266 1073 266 1074 266 1074 266 1073 266 1075 266 1074 266 1075 266 1076 266 1076 266 1075 266 1077 266 1076 266 1077 266 1078 266 1078 266 1077 266 1015 266 1015 266 1077 266 1013 266 1079 266 810 266 1080 266 1080 266 810 266 1081 266 1080 266 1081 266 1082 266 1082 266 1081 266 1083 266 1082 266 1083 266 1084 266 1084 266 1083 266 1085 266 1084 266 1085 266 1086 266 1086 266 1085 266 1087 266 1087 266 1085 266 1088 266 1087 266 1088 266 1089 266 1089 266 1088 266 1090 266 1089 266 1090 266 1091 266 1091 266 1090 266 1092 266 1092 266 1090 266 1093 266 1092 266 1093 266 1094 266 1094 266 1093 266 1095 266 1094 266 1095 266 1096 266 1096 266 1095 266 1097 266 1096 266 1097 266 1098 266 1098 266 1097 266 1099 266 1099 266 1097 266 1100 266 1099 266 1100 266 1101 266 1101 266 1100 266 1102 266 1101 266 1102 266 1103 266 1103 266 1102 266 1104 266 1103 266 1104 266 1105 266 1105 266 1104 266 1106 266 1105 266 1106 266 1107 266 1079 266 808 266 810 266 799 266 801 266 1108 266 1108 266 801 266 1109 266 1108 266 1109 266 1110 266 1110 266 1109 266 1111 266 1110 266 1111 266 1112 266 1112 266 1111 266 1113 266 1112 266 1113 266 1114 266 1112 266 1114 266 1115 266 1115 266 1114 266 1116 266 1115 266 1116 266 1117 266 1117 266 1116 266 1118 266 1117 266 1118 266 1119 266 1117 266 1119 266 1120 266 1120 266 1119 266 1121 266 1120 266 1121 266 1122 266 1122 266 1121 266 1123 266 1122 266 1123 266 1124 266 1122 266 1124 266 1125 266 1125 266 1124 266 1126 266 1125 266 1126 266 1127 266 1127 266 1126 266 1128 266 1127 266 1128 266 1129 266 1129 266 1128 266 1130 266 1129 266 1130 266 1131 266 1129 266 1131 266 1132 266 1132 266 1131 266 1133 266 1132 266 1133 266 1134 266 1134 266 1133 266 1135 266 1134 266 1135 266 1136 266 1136 266 1135 266 1107 266 1107 266 1135 266 1105 266 1137 266 1138 266 1139 266 1139 266 1138 266 1140 266 1139 266 1140 266 1141 266 1138 266 1137 266 1142 266 1142 946 1137 946 1143 946 1142 266 1143 266 1144 266 1144 266 1143 266 1039 266 1039 947 1143 947 1037 947 1012 266 1145 266 1014 266 1014 266 1145 266 1146 266 1146 266 1145 266 1147 266 1146 266 1147 266 1148 266 1148 266 1147 266 1149 266 1149 266 1147 266 1150 266 1149 266 1150 266 1151 266 1151 266 1150 266 1152 266 1151 266 1152 266 1153 266 1153 266 1152 266 1154 266 1154 266 1152 266 1155 266 1154 266 1155 266 1156 266 1156 266 1155 266 952 266 1156 266 952 266 954 266 1104 266 1157 266 1106 266 1106 266 1157 266 1158 266 1158 948 1157 948 1159 948 1159 949 1157 949 1160 949 1159 950 1160 950 1141 950 1141 951 1160 951 1139 951 1138 952 529 952 1140 952 1140 952 529 952 530 952 1140 953 530 953 1141 953 1141 953 530 953 531 953 1141 954 531 954 1159 954 1159 955 531 955 532 955 1159 956 532 956 1158 956 1158 956 532 956 727 956 1158 957 727 957 1106 957 1106 957 727 957 726 957 1106 958 726 958 1107 958 1107 959 726 959 728 959 1107 960 728 960 1136 960 1136 961 728 961 730 961 1136 962 730 962 1134 962 1134 963 730 963 732 963 1134 964 732 964 1132 964 1132 964 732 964 734 964 1132 965 734 965 1129 965 1129 965 734 965 737 965 1129 966 737 966 1127 966 1127 967 737 967 691 967 1127 968 691 968 1125 968 1125 969 691 969 693 969 1125 970 693 970 1122 970 1122 970 693 970 695 970 1122 971 695 971 1120 971 1120 972 695 972 698 972 1120 973 698 973 1117 973 1117 974 698 974 701 974 1117 975 701 975 1115 975 1115 975 701 975 703 975 1115 976 703 976 1112 976 1112 977 703 977 706 977 1112 978 706 978 1110 978 1110 979 706 979 709 979 1110 980 709 980 1108 980 1108 981 709 981 711 981 1108 982 711 982 799 982 799 983 711 983 714 983 799 984 714 984 797 984 797 985 714 985 716 985 797 986 716 986 795 986 795 986 716 986 719 986 795 987 719 987 793 987 793 987 719 987 721 987 793 988 721 988 791 988 791 989 721 989 723 989 791 990 723 990 789 990 789 990 723 990 559 990 789 991 559 991 787 991 787 991 559 991 558 991 787 992 558 992 784 992 784 993 558 993 556 993 784 994 556 994 782 994 782 995 556 995 560 995 782 996 560 996 780 996 780 997 560 997 561 997 780 998 561 998 854 998 854 998 561 998 562 998 854 999 562 999 851 999 851 1000 562 1000 563 1000 851 1001 563 1001 849 1001 849 1002 563 1002 593 1002 849 1003 593 1003 847 1003 847 1004 593 1004 592 1004 847 1005 592 1005 845 1005 845 1005 592 1005 594 1005 845 1006 594 1006 843 1006 843 1007 594 1007 596 1007 843 1008 596 1008 841 1008 841 1009 596 1009 598 1009 841 1010 598 1010 842 1010 842 1011 598 1011 600 1011 842 1012 600 1012 976 1012 976 1013 600 1013 603 1013 976 1014 603 1014 974 1014 974 1015 603 1015 605 1015 974 1016 605 1016 972 1016 972 1017 605 1017 608 1017 972 1018 608 1018 969 1018 969 1018 608 1018 610 1018 969 1019 610 1019 967 1019 967 1020 610 1020 613 1020 967 1021 613 1021 964 1021 964 1022 613 1022 616 1022 964 1023 616 1023 962 1023 962 1024 616 1024 618 1024 962 1025 618 1025 959 1025 959 1026 618 1026 621 1026 959 1027 621 1027 956 1027 956 1027 621 1027 624 1027 956 1028 624 1028 958 1028 958 1029 624 1029 626 1029 958 1030 626 1030 919 1030 919 1031 626 1031 629 1031 919 1032 629 1032 917 1032 917 1032 629 1032 631 1032 917 1033 631 1033 915 1033 915 1034 631 1034 634 1034 915 1035 634 1035 914 1035 914 1036 634 1036 636 1036 914 1037 636 1037 912 1037 912 1038 636 1038 638 1038 912 1039 638 1039 910 1039 910 1040 638 1040 590 1040 910 1041 590 1041 908 1041 908 1041 590 1041 589 1041 908 1042 589 1042 907 1042 907 1042 589 1042 587 1042 907 1043 587 1043 905 1043 905 1043 587 1043 460 1043 905 1044 460 1044 903 1044 903 1045 460 1045 459 1045 903 1046 459 1046 901 1046 901 1047 459 1047 458 1047 901 1048 458 1048 900 1048 900 1048 458 1048 463 1048 900 1049 463 1049 898 1049 898 1049 463 1049 465 1049 898 1050 465 1050 896 1050 896 1051 465 1051 466 1051 896 1052 466 1052 894 1052 894 1053 466 1053 468 1053 894 1054 468 1054 893 1054 893 1055 468 1055 470 1055 893 1056 470 1056 891 1056 891 1057 470 1057 472 1057 891 1058 472 1058 889 1058 889 1059 472 1059 474 1059 889 1060 474 1060 886 1060 886 1060 474 1060 738 1060 886 1061 738 1061 856 1061 856 1062 738 1062 740 1062 856 1063 740 1063 858 1063 858 1064 740 1064 743 1064 858 1065 743 1065 860 1065 860 1065 743 1065 745 1065 860 1066 745 1066 863 1066 863 1067 745 1067 748 1067 863 1068 748 1068 865 1068 865 1069 748 1069 751 1069 865 1070 751 1070 868 1070 868 1071 751 1071 753 1071 868 1072 753 1072 870 1072 870 1073 753 1073 756 1073 870 1074 756 1074 873 1074 873 1074 756 1074 759 1074 873 1075 759 1075 875 1075 875 1076 759 1076 761 1076 875 1077 761 1077 877 1077 877 1078 761 1078 764 1078 877 1079 764 1079 880 1079 880 1080 764 1080 766 1080 880 1081 766 1081 882 1081 882 1082 766 1082 769 1082 882 1083 769 1083 884 1083 884 1084 769 1084 771 1084 884 1085 771 1085 885 1085 885 1086 771 1086 773 1086 885 1087 773 1087 954 1087 954 1087 773 1087 775 1087 954 1088 775 1088 1156 1088 1156 1089 775 1089 777 1089 1156 1090 777 1090 1154 1090 1154 1091 777 1091 497 1091 1154 1092 497 1092 1153 1092 1153 1093 497 1093 498 1093 1153 1094 498 1094 1151 1094 1151 1094 498 1094 499 1094 1151 1095 499 1095 1149 1095 1149 1096 499 1096 500 1096 1149 1097 500 1097 1148 1097 1148 1098 500 1098 501 1098 1148 1099 501 1099 1146 1099 1146 1100 501 1100 657 1100 1146 1101 657 1101 1014 1101 1014 1101 657 1101 656 1101 1014 1102 656 1102 1015 1102 1015 1102 656 1102 658 1102 1015 1103 658 1103 1078 1103 1078 1104 658 1104 660 1104 1078 1105 660 1105 1076 1105 1076 1105 660 1105 662 1105 1076 1106 662 1106 1074 1106 1074 1106 662 1106 664 1106 1074 1107 664 1107 1071 1107 1071 1108 664 1108 667 1108 1071 1109 667 1109 1069 1109 1069 1110 667 1110 669 1110 1069 1111 669 1111 1067 1111 1067 1112 669 1112 672 1112 1067 1113 672 1113 1064 1113 1064 1114 672 1114 674 1114 1064 1115 674 1115 1062 1115 1062 1116 674 1116 677 1116 1062 1117 677 1117 1059 1117 1059 1117 677 1117 680 1117 1059 1118 680 1118 1057 1118 1057 1119 680 1119 682 1119 1057 1120 682 1120 1054 1120 1054 1121 682 1121 685 1121 1054 1122 685 1122 1052 1122 1052 1122 685 1122 688 1122 1052 1123 688 1123 1050 1123 1050 1124 688 1124 642 1124 1050 1125 642 1125 1047 1125 1047 1126 642 1126 644 1126 1047 1127 644 1127 1045 1127 1045 1127 644 1127 646 1127 1045 1128 646 1128 1043 1128 1043 1128 646 1128 649 1128 1043 1129 649 1129 1042 1129 1042 1130 649 1130 651 1130 1042 1131 651 1131 1040 1131 1040 1132 651 1132 653 1132 1040 1133 653 1133 1039 1133 1039 1134 653 1134 528 1134 1039 1135 528 1135 1144 1135 1144 1136 528 1136 527 1136 1144 1137 527 1137 1142 1137 1142 1137 527 1137 525 1137 1142 1138 525 1138 1138 1138 1138 1139 525 1139 529 1139 1161 1140 628 1140 1162 1140 1162 1141 628 1141 627 1141 1162 1142 627 1142 1163 1142 1163 1143 627 1143 625 1143 1163 1144 625 1144 1164 1144 1164 1145 625 1145 623 1145 1164 1146 623 1146 1165 1146 1165 1147 623 1147 622 1147 1165 1148 622 1148 1166 1148 1166 1149 622 1149 620 1149 1166 1150 620 1150 1167 1150 1167 1151 620 1151 619 1151 1167 1152 619 1152 1168 1152 1168 1153 619 1153 617 1153 1168 1154 617 1154 1169 1154 1169 1155 617 1155 615 1155 1169 1156 615 1156 1170 1156 1170 1157 615 1157 614 1157 1170 1158 614 1158 1171 1158 1171 1159 614 1159 612 1159 1171 1160 612 1160 1172 1160 1172 1161 612 1161 611 1161 1172 1162 611 1162 1173 1162 1173 1162 611 1162 609 1162 1173 1163 609 1163 1174 1163 1174 1164 609 1164 607 1164 1174 1165 607 1165 1175 1165 1175 1165 607 1165 606 1165 1175 1166 606 1166 1176 1166 1176 1166 606 1166 604 1166 1176 1167 604 1167 1177 1167 1177 1168 604 1168 602 1168 1177 1169 602 1169 1178 1169 1178 1170 602 1170 601 1170 1178 1171 601 1171 1179 1171 1179 1172 601 1172 599 1172 1179 1173 599 1173 1180 1173 1180 1174 599 1174 597 1174 1180 1175 597 1175 1181 1175 1181 1176 597 1176 595 1176 1181 1177 595 1177 1182 1177 1182 1177 595 1177 591 1177 1182 1178 591 1178 1183 1178 1183 1179 591 1179 565 1179 1183 1180 565 1180 1184 1180 1184 1181 565 1181 564 1181 1184 1182 564 1182 1185 1182 1185 1183 564 1183 566 1183 1185 1184 566 1184 1186 1184 1186 1185 566 1185 567 1185 1186 1186 567 1186 1187 1186 1187 1187 567 1187 568 1187 1187 1188 568 1188 1188 1188 1188 1188 568 1188 569 1188 1188 1189 569 1189 1189 1189 1189 1189 569 1189 570 1189 1189 1190 570 1190 1190 1190 1190 1191 570 1191 571 1191 1190 1192 571 1192 1191 1192 1191 1193 571 1193 572 1193 1191 1194 572 1194 1192 1194 1192 1195 572 1195 573 1195 1192 1196 573 1196 1193 1196 1193 1197 573 1197 574 1197 1193 1198 574 1198 1194 1198 1194 1199 574 1199 575 1199 1194 1200 575 1200 1195 1200 1195 1200 575 1200 576 1200 1195 1201 576 1201 1196 1201 1196 1202 576 1202 577 1202 1196 1203 577 1203 1197 1203 1197 1204 577 1204 578 1204 1197 1205 578 1205 1198 1205 1198 1206 578 1206 579 1206 1198 1207 579 1207 1199 1207 1199 1208 579 1208 580 1208 1199 1209 580 1209 1200 1209 1200 1210 580 1210 581 1210 1200 1211 581 1211 1201 1211 1201 1211 581 1211 582 1211 1201 1212 582 1212 1202 1212 1202 1212 582 1212 583 1212 1202 1213 583 1213 1203 1213 1203 1214 583 1214 584 1214 1203 1215 584 1215 1204 1215 1204 1215 584 1215 585 1215 1204 1216 585 1216 1205 1216 1205 1217 585 1217 586 1217 1205 1218 586 1218 1206 1218 1206 1219 586 1219 588 1219 1206 1220 588 1220 1207 1220 1207 1221 588 1221 639 1221 1207 1222 639 1222 1208 1222 1208 1223 639 1223 637 1223 1208 1224 637 1224 1209 1224 1209 1225 637 1225 635 1225 1209 1226 635 1226 1210 1226 1210 1227 635 1227 633 1227 1210 1228 633 1228 1211 1228 1211 1229 633 1229 632 1229 1211 1230 632 1230 1212 1230 1212 1231 632 1231 630 1231 1212 1232 630 1232 1161 1232 1161 1233 630 1233 628 1233 1213 1234 506 1234 1214 1234 1214 1235 506 1235 507 1235 1214 1236 507 1236 1215 1236 1215 1237 507 1237 508 1237 1215 1238 508 1238 1216 1238 1216 1238 508 1238 509 1238 1216 1239 509 1239 1217 1239 1217 1240 509 1240 510 1240 1217 1241 510 1241 1218 1241 1218 1149 510 1149 511 1149 1218 1242 511 1242 1219 1242 1219 1243 511 1243 512 1243 1219 1244 512 1244 1220 1244 1220 1245 512 1245 513 1245 1220 1246 513 1246 1221 1246 1221 1247 513 1247 514 1247 1221 1248 514 1248 1222 1248 1222 1249 514 1249 515 1249 1222 1250 515 1250 1223 1250 1223 1251 515 1251 516 1251 1223 1252 516 1252 1224 1252 1224 1253 516 1253 517 1253 1224 1254 517 1254 1225 1254 1225 1254 517 1254 518 1254 1225 1255 518 1255 1226 1255 1226 1256 518 1256 519 1256 1226 1257 519 1257 1227 1257 1227 1258 519 1258 520 1258 1227 1259 520 1259 1228 1259 1228 1260 520 1260 521 1260 1228 1261 521 1261 1229 1261 1229 1262 521 1262 522 1262 1229 1263 522 1263 1230 1263 1230 1264 522 1264 523 1264 1230 1265 523 1265 1231 1265 1231 1266 523 1266 524 1266 1231 1267 524 1267 1232 1267 1232 1268 524 1268 526 1268 1232 1269 526 1269 1233 1269 1233 1270 526 1270 654 1270 1233 1271 654 1271 1234 1271 1234 1272 654 1272 652 1272 1234 1273 652 1273 1235 1273 1235 1274 652 1274 650 1274 1235 1275 650 1275 1236 1275 1236 1276 650 1276 648 1276 1236 1277 648 1277 1237 1277 1237 1183 648 1183 647 1183 1237 1278 647 1278 1238 1278 1238 1279 647 1279 645 1279 1238 1280 645 1280 1239 1280 1239 1280 645 1280 643 1280 1239 1281 643 1281 1240 1281 1240 1281 643 1281 641 1281 1240 1282 641 1282 1241 1282 1241 1282 641 1282 640 1282 1241 1283 640 1283 1242 1283 1242 1283 640 1283 687 1283 1242 1284 687 1284 1243 1284 1243 1285 687 1285 686 1285 1243 1194 686 1194 1244 1194 1244 1286 686 1286 684 1286 1244 1287 684 1287 1245 1287 1245 1288 684 1288 683 1288 1245 1289 683 1289 1246 1289 1246 1289 683 1289 681 1289 1246 1290 681 1290 1247 1290 1247 1290 681 1290 679 1290 1247 1291 679 1291 1248 1291 1248 1202 679 1202 678 1202 1248 1292 678 1292 1249 1292 1249 1293 678 1293 676 1293 1249 1294 676 1294 1250 1294 1250 1295 676 1295 675 1295 1250 1296 675 1296 1251 1296 1251 1297 675 1297 673 1297 1251 1298 673 1298 1252 1298 1252 1299 673 1299 671 1299 1252 1211 671 1211 1253 1211 1253 1300 671 1300 670 1300 1253 1301 670 1301 1254 1301 1254 1212 670 1212 668 1212 1254 1302 668 1302 1255 1302 1255 1303 668 1303 666 1303 1255 1304 666 1304 1256 1304 1256 1304 666 1304 665 1304 1256 1305 665 1305 1257 1305 1257 1306 665 1306 663 1306 1257 1307 663 1307 1258 1307 1258 1308 663 1308 661 1308 1258 1309 661 1309 1259 1309 1259 1221 661 1221 659 1221 1259 1310 659 1310 1260 1310 1260 1311 659 1311 655 1311 1260 1312 655 1312 1261 1312 1261 1313 655 1313 503 1313 1261 1314 503 1314 1262 1314 1262 1315 503 1315 502 1315 1262 1228 502 1228 1263 1228 1263 1316 502 1316 504 1316 1263 1230 504 1230 1264 1230 1264 1317 504 1317 505 1317 1264 1318 505 1318 1213 1318 1213 1318 505 1318 506 1318 1265 1319 550 1319 1266 1319 1266 1320 550 1320 551 1320 1266 1321 551 1321 1267 1321 1267 1322 551 1322 552 1322 1267 1238 552 1238 1268 1238 1268 1238 552 1238 553 1238 1268 1323 553 1323 1269 1323 1269 1147 553 1147 554 1147 1269 1241 554 1241 1270 1241 1270 1149 554 1149 555 1149 1270 1324 555 1324 1271 1324 1271 1151 555 1151 557 1151 1271 1325 557 1325 1272 1325 1272 1153 557 1153 724 1153 1272 1154 724 1154 1273 1154 1273 1326 724 1326 722 1326 1273 1156 722 1156 1274 1156 1274 1327 722 1327 720 1327 1274 1328 720 1328 1275 1328 1275 1159 720 1159 718 1159 1275 1160 718 1160 1276 1160 1276 1329 718 1329 717 1329 1276 1330 717 1330 1277 1330 1277 1330 717 1330 715 1330 1277 1331 715 1331 1278 1331 1278 1332 715 1332 713 1332 1278 1165 713 1165 1279 1165 1279 1333 713 1333 712 1333 1279 1334 712 1334 1280 1334 1280 1166 712 1166 710 1166 1280 1335 710 1335 1281 1335 1281 1336 710 1336 708 1336 1281 1264 708 1264 1282 1264 1282 1169 708 1169 707 1169 1282 1171 707 1171 1283 1171 1283 1337 707 1337 705 1337 1283 1338 705 1338 1284 1338 1284 1339 705 1339 704 1339 1284 1175 704 1175 1285 1175 1285 1340 704 1340 702 1340 1285 1341 702 1341 1286 1341 1286 1341 702 1341 700 1341 1286 1179 700 1179 1287 1179 1287 1179 700 1179 699 1179 1287 1180 699 1180 1288 1180 1288 1181 699 1181 697 1181 1288 1277 697 1277 1289 1277 1289 1183 697 1183 696 1183 1289 1342 696 1342 1290 1342 1290 1343 696 1343 694 1343 1290 1280 694 1280 1291 1280 1291 1280 694 1280 692 1280 1291 1344 692 1344 1292 1344 1292 1344 692 1344 690 1344 1292 1345 690 1345 1293 1345 1293 1345 690 1345 689 1345 1293 1283 689 1283 1294 1283 1294 1283 689 1283 736 1283 1294 1284 736 1284 1295 1284 1295 1285 736 1285 735 1285 1295 1194 735 1194 1296 1194 1296 1286 735 1286 733 1286 1296 1196 733 1196 1297 1196 1297 1197 733 1197 731 1197 1297 1198 731 1198 1298 1198 1298 1346 731 1346 729 1346 1298 1347 729 1347 1299 1347 1299 1347 729 1347 725 1347 1299 1291 725 1291 1300 1291 1300 1202 725 1202 534 1202 1300 1348 534 1348 1301 1348 1301 1349 534 1349 533 1349 1301 1350 533 1350 1302 1350 1302 1206 533 1206 535 1206 1302 1208 535 1208 1303 1208 1303 1351 535 1351 536 1351 1303 1352 536 1352 1304 1352 1304 1353 536 1353 537 1353 1304 1211 537 1211 1305 1211 1305 1300 537 1300 538 1300 1305 1301 538 1301 1306 1301 1306 1212 538 1212 539 1212 1306 1354 539 1354 1307 1354 1307 1355 539 1355 540 1355 1307 1356 540 1356 1308 1356 1308 1356 540 1356 541 1356 1308 1357 541 1357 1309 1357 1309 1217 541 1217 542 1217 1309 1218 542 1218 1310 1218 1310 1358 542 1358 543 1358 1310 1309 543 1309 1311 1309 1311 1221 543 1221 544 1221 1311 1359 544 1359 1312 1359 1312 1223 544 1223 545 1223 1312 1224 545 1224 1313 1224 1313 1360 545 1360 546 1360 1313 1226 546 1226 1314 1226 1314 1361 546 1361 547 1361 1314 1228 547 1228 1315 1228 1315 1316 547 1316 548 1316 1315 1230 548 1230 1316 1230 1316 1317 548 1317 549 1317 1316 1318 549 1318 1265 1318 1265 1318 549 1318 550 1318 1317 1362 1137 1362 1318 1362 1318 1363 1137 1363 1139 1363 1318 1364 1139 1364 1319 1364 1319 1365 1139 1365 1160 1365 1319 1366 1160 1366 1157 1366 1317 1367 1320 1367 1137 1367 1137 1368 1320 1368 1143 1368 1143 1369 1320 1369 1321 1369 1143 1370 1321 1370 1037 1370 1037 1371 1321 1371 1322 1371 1037 1372 1322 1372 1035 1372 1035 1373 1322 1373 1323 1373 1035 1374 1323 1374 1033 1374 1033 1375 1323 1375 1324 1375 1033 1376 1324 1376 1030 1376 1030 1377 1324 1377 1325 1377 1030 1378 1325 1378 1028 1378 1028 1379 1325 1379 1326 1379 1028 1379 1326 1379 1026 1379 1026 1380 1326 1380 1327 1380 1026 1381 1327 1381 1023 1381 1023 1382 1327 1382 1328 1382 1023 1383 1328 1383 1021 1383 1021 1384 1328 1384 1329 1384 1021 1385 1329 1385 1018 1385 1018 1386 1329 1386 1330 1386 1018 1387 1330 1387 1016 1387 1016 1388 1330 1388 1331 1388 1016 1389 1331 1389 1005 1389 1005 1390 1331 1390 1332 1390 1005 1391 1332 1391 1007 1391 1007 1392 1332 1392 1333 1392 1007 1393 1333 1393 1010 1393 1010 1394 1333 1394 1334 1394 1010 1394 1334 1394 1012 1394 1012 1395 1334 1395 1335 1395 1012 1395 1335 1395 1145 1395 1145 1396 1335 1396 1336 1396 1145 1397 1336 1397 1147 1397 1147 1398 1336 1398 1337 1398 1147 1399 1337 1399 1150 1399 1150 1400 1337 1400 1338 1400 1150 1401 1338 1401 1152 1401 1152 1402 1338 1402 1339 1402 1152 1403 1339 1403 1155 1403 1155 1404 1339 1404 1340 1404 1155 1405 1340 1405 952 1405 952 1406 1340 1406 1341 1406 952 1406 1341 1406 950 1406 950 1407 1341 1407 1342 1407 950 1408 1342 1408 948 1408 948 1409 1342 1409 1343 1409 948 1410 1343 1410 946 1410 946 1411 1343 1411 1344 1411 946 1412 1344 1412 943 1412 943 1413 1344 1413 1345 1413 943 1414 1345 1414 941 1414 941 1415 1345 1415 1346 1415 941 1416 1346 1416 939 1416 939 1417 1346 1417 1347 1417 939 1417 1347 1417 936 1417 936 1418 1347 1418 1348 1418 936 1418 1348 1418 934 1418 934 1419 1348 1419 1349 1419 934 1420 1349 1420 931 1420 931 1421 1349 1421 1350 1421 931 1421 1350 1421 929 1421 929 1422 1350 1422 1351 1422 929 1422 1351 1422 927 1422 927 1423 1351 1423 1352 1423 927 1424 1352 1424 925 1424 925 1425 1352 1425 1353 1425 925 1426 1353 1426 923 1426 923 1427 1353 1427 1354 1427 923 1428 1354 1428 897 1428 897 1429 1354 1429 1355 1429 897 1430 1355 1430 899 1430 899 1431 1355 1431 1356 1431 899 1431 1356 1431 902 1431 902 680 1356 680 1357 680 902 680 1357 680 904 680 904 1432 1357 1432 1358 1432 904 1432 1358 1432 906 1432 906 1433 1358 1433 1359 1433 906 1434 1359 1434 909 1434 909 1435 1359 1435 1360 1435 909 1436 1360 1436 1002 1436 1002 1437 1360 1437 1361 1437 1002 1438 1361 1438 1000 1438 1000 1439 1361 1439 1362 1439 1000 1440 1362 1440 998 1440 998 1441 1362 1441 1363 1441 998 1441 1363 1441 996 1441 996 1442 1363 1442 1364 1442 996 1442 1364 1442 993 1442 993 1443 1364 1443 1365 1443 993 1444 1365 1444 991 1444 991 1445 1365 1445 1366 1445 991 1445 1366 1445 988 1445 988 1446 1366 1446 1367 1446 988 1446 1367 1446 986 1446 986 1447 1367 1447 1368 1447 986 1448 1368 1448 984 1448 984 1449 1368 1449 1369 1449 984 1450 1369 1450 981 1450 981 1451 1369 1451 1370 1451 981 1452 1370 1452 979 1452 979 1453 1370 1453 1371 1453 979 1454 1371 1454 830 1454 830 1455 1371 1455 1372 1455 830 1456 1372 1456 828 1456 828 1457 1372 1457 1373 1457 828 1457 1373 1457 826 1457 826 1458 1373 1458 1374 1458 826 1459 1374 1459 824 1459 824 1460 1374 1460 1375 1460 824 1461 1375 1461 821 1461 821 1462 1375 1462 1376 1462 821 1463 1376 1463 819 1463 819 1464 1376 1464 1377 1464 819 1465 1377 1465 817 1465 817 1466 1377 1466 1378 1466 817 1467 1378 1467 814 1467 814 1468 1378 1468 1379 1468 814 1468 1379 1468 812 1468 812 1469 1379 1469 1380 1469 812 1469 1380 1469 809 1469 809 1470 1380 1470 1381 1470 809 1471 1381 1471 810 1471 810 1472 1381 1472 1382 1472 810 1473 1382 1473 1081 1473 1081 1474 1382 1474 1383 1474 1081 1475 1383 1475 1083 1475 1083 1476 1383 1476 1384 1476 1083 1477 1384 1477 1085 1477 1085 1478 1384 1478 1385 1478 1085 1479 1385 1479 1088 1479 1088 1480 1385 1480 1386 1480 1088 1481 1386 1481 1090 1481 1090 1482 1386 1482 1387 1482 1090 1483 1387 1483 1093 1483 1093 1484 1387 1484 1388 1484 1093 1484 1388 1484 1095 1484 1095 1485 1388 1485 1389 1485 1095 1486 1389 1486 1097 1486 1097 1487 1389 1487 1390 1487 1097 1488 1390 1488 1100 1488 1100 1489 1390 1489 1391 1489 1100 1490 1391 1490 1102 1490 1102 1491 1391 1491 1392 1491 1102 1492 1392 1492 1104 1492 1104 1493 1392 1493 1393 1493 1104 1494 1393 1494 1157 1494 1157 1495 1393 1495 1319 1495 1394 1496 742 1496 1395 1496 1395 1497 742 1497 741 1497 1395 1498 741 1498 1396 1498 1396 1499 741 1499 739 1499 1396 1144 739 1144 1397 1144 1397 1145 739 1145 476 1145 1397 1500 476 1500 1398 1500 1398 1240 476 1240 475 1240 1398 1148 475 1148 1399 1148 1399 1149 475 1149 473 1149 1399 1501 473 1501 1400 1501 1400 1243 473 1243 471 1243 1400 1502 471 1502 1401 1502 1401 1245 471 1245 469 1245 1401 1246 469 1246 1402 1246 1402 1503 469 1503 467 1503 1402 1248 467 1248 1403 1248 1403 1504 467 1504 464 1504 1403 1505 464 1505 1404 1505 1404 1251 464 1251 462 1251 1404 1252 462 1252 1405 1252 1405 1506 462 1506 461 1506 1405 1507 461 1507 1406 1507 1406 1507 461 1507 477 1507 1406 1508 477 1508 1407 1508 1407 1509 477 1509 478 1509 1407 1257 478 1257 1408 1257 1408 1257 478 1257 479 1257 1408 1260 479 1260 1409 1260 1409 1260 479 1260 480 1260 1409 1510 480 1510 1410 1510 1410 1511 480 1511 481 1511 1410 1264 481 1264 1411 1264 1411 1512 481 1512 482 1512 1411 1265 482 1265 1412 1265 1412 1513 482 1513 483 1513 1412 1514 483 1514 1413 1514 1413 1515 483 1515 484 1515 1413 1269 484 1269 1414 1269 1414 1516 484 1516 485 1516 1414 1517 485 1517 1415 1517 1415 1518 485 1518 486 1518 1415 1519 486 1519 1416 1519 1416 1274 486 1274 487 1274 1416 1275 487 1275 1417 1275 1417 1276 487 1276 488 1276 1417 1182 488 1182 1418 1182 1418 1183 488 1183 489 1183 1418 1520 489 1520 1419 1520 1419 1521 489 1521 490 1521 1419 1186 490 1186 1420 1186 1420 1187 490 1187 491 1187 1420 1522 491 1522 1421 1522 1421 1522 491 1522 492 1522 1421 1523 492 1523 1422 1523 1422 1523 492 1523 493 1523 1422 1190 493 1190 1423 1190 1423 1191 493 1191 494 1191 1423 1192 494 1192 1424 1192 1424 1193 494 1193 495 1193 1424 1194 495 1194 1425 1194 1425 1195 495 1195 496 1195 1425 1287 496 1287 1426 1287 1426 1288 496 1288 776 1288 1426 1289 776 1289 1427 1289 1427 1524 776 1524 774 1524 1427 1525 774 1525 1428 1525 1428 1525 774 1525 772 1525 1428 1201 772 1201 1429 1201 1429 1202 772 1202 770 1202 1429 1526 770 1526 1430 1526 1430 1527 770 1527 768 1527 1430 1528 768 1528 1431 1528 1431 1295 768 1295 767 1295 1431 1529 767 1529 1432 1529 1432 1296 767 1296 765 1296 1432 1530 765 1530 1433 1530 1433 1531 765 1531 763 1531 1433 1211 763 1211 1434 1211 1434 1211 763 1211 762 1211 1434 1212 762 1212 1435 1212 1435 1212 762 1212 760 1212 1435 1532 760 1532 1436 1532 1436 1533 760 1533 758 1533 1436 1534 758 1534 1437 1534 1437 1534 758 1534 757 1534 1437 1535 757 1535 1438 1535 1438 1306 757 1306 755 1306 1438 1307 755 1307 1439 1307 1439 1536 755 1536 754 1536 1439 1220 754 1220 1440 1220 1440 1221 754 1221 752 1221 1440 1537 752 1537 1441 1537 1441 1311 752 1311 750 1311 1441 1312 750 1312 1442 1312 1442 1538 750 1538 749 1538 1442 1314 749 1314 1443 1314 1443 1539 749 1539 747 1539 1443 1228 747 1228 1444 1228 1444 1229 747 1229 746 1229 1444 1230 746 1230 1445 1230 1445 1231 746 1231 744 1231 1445 1232 744 1232 1394 1232 1394 1233 744 1233 742 1233 1446 752 1265 752 1447 752 1447 752 1265 752 1266 752 1447 752 1266 752 1267 752 1265 752 1446 752 1316 752 1316 752 1446 752 1448 752 1316 752 1448 752 1315 752 1315 752 1448 752 1449 752 1315 752 1449 752 1314 752 1314 752 1449 752 1313 752 1313 1540 1449 1540 1450 1540 1313 752 1450 752 1312 752 1312 1541 1450 1541 1451 1541 1312 752 1451 752 1311 752 1311 1542 1451 1542 1452 1542 1311 752 1452 752 1310 752 1310 1543 1452 1543 1453 1543 1310 1544 1453 1544 1309 1544 1309 752 1453 752 1308 752 1308 1545 1453 1545 1454 1545 1308 1546 1454 1546 1307 1546 1307 1547 1454 1547 1455 1547 1307 752 1455 752 1306 752 1306 1548 1455 1548 1456 1548 1306 1549 1456 1549 1305 1549 1305 1550 1456 1550 1304 1550 1304 1551 1456 1551 1457 1551 1304 752 1457 752 1303 752 1303 1552 1457 1552 1458 1552 1303 752 1458 752 1302 752 1302 1553 1458 1553 1459 1553 1302 752 1459 752 1301 752 1301 752 1459 752 1300 752 1300 1554 1459 1554 1460 1554 1300 752 1460 752 1299 752 1299 1555 1460 1555 1461 1555 1299 752 1461 752 1298 752 1298 1556 1461 1556 1462 1556 1298 752 1462 752 1297 752 1297 1557 1462 1557 1463 1557 1297 752 1463 752 1296 752 1296 752 1463 752 1295 752 1295 752 1463 752 1464 752 1295 1558 1464 1558 1294 1558 1294 752 1464 752 1465 752 1294 1559 1465 1559 1293 1559 1293 1560 1465 1560 1466 1560 1293 752 1466 752 1292 752 1292 752 1466 752 1291 752 1291 1561 1466 1561 1467 1561 1291 752 1467 752 1290 752 1290 752 1467 752 1468 752 1290 752 1468 752 1289 752 1289 752 1468 752 1469 752 1289 752 1469 752 1288 752 1288 752 1469 752 1287 752 1287 1562 1469 1562 1470 1562 1287 752 1470 752 1286 752 1286 1563 1470 1563 1471 1563 1286 752 1471 752 1285 752 1285 1564 1471 1564 1472 1564 1285 752 1472 752 1284 752 1284 752 1472 752 1473 752 1284 1565 1473 1565 1283 1565 1283 752 1473 752 1282 752 1282 1566 1473 1566 1474 1566 1282 1567 1474 1567 1281 1567 1281 1568 1474 1568 1475 1568 1281 752 1475 752 1280 752 1280 1569 1475 1569 1476 1569 1280 752 1476 752 1279 752 1279 752 1476 752 1278 752 1278 1570 1476 1570 1477 1570 1278 752 1477 752 1277 752 1277 1571 1477 1571 1478 1571 1277 1572 1478 1572 1276 1572 1276 1573 1478 1573 1479 1573 1276 752 1479 752 1275 752 1275 752 1479 752 1274 752 1274 752 1479 752 1480 752 1274 752 1480 752 1273 752 1273 1574 1480 1574 1481 1574 1273 752 1481 752 1272 752 1272 1575 1481 1575 1482 1575 1272 752 1482 752 1271 752 1271 1576 1482 1576 1483 1576 1271 752 1483 752 1270 752 1270 752 1483 752 1269 752 1269 752 1483 752 1484 752 1269 1577 1484 1577 1268 1577 1268 752 1484 752 1485 752 1268 1578 1485 1578 1267 1578 1267 1579 1485 1579 1447 1579 1485 1580 1079 1580 1447 1580 1447 1581 1079 1581 1080 1581 1447 1582 1080 1582 1446 1582 1446 1583 1080 1583 1082 1583 1446 1584 1082 1584 1448 1584 1448 1585 1082 1585 1084 1585 1448 1586 1084 1586 1449 1586 1449 1587 1084 1587 1086 1587 1449 1588 1086 1588 1450 1588 1450 1589 1086 1589 1087 1589 1450 1590 1087 1590 1451 1590 1451 1591 1087 1591 1089 1591 1451 1592 1089 1592 1452 1592 1452 1592 1089 1592 1091 1592 1452 1593 1091 1593 1453 1593 1453 1593 1091 1593 1092 1593 1453 1594 1092 1594 1454 1594 1454 1595 1092 1595 1094 1595 1454 1596 1094 1596 1455 1596 1455 1597 1094 1597 1096 1597 1455 1598 1096 1598 1456 1598 1456 1599 1096 1599 1098 1599 1456 1600 1098 1600 1457 1600 1457 1600 1098 1600 1099 1600 1457 1601 1099 1601 1458 1601 1458 1602 1099 1602 1101 1602 1458 1603 1101 1603 1459 1603 1459 1604 1101 1604 1103 1604 1459 1605 1103 1605 1460 1605 1460 1606 1103 1606 1105 1606 1460 1607 1105 1607 1461 1607 1461 1607 1105 1607 1135 1607 1461 1608 1135 1608 1462 1608 1462 1609 1135 1609 1133 1609 1462 1610 1133 1610 1463 1610 1463 1611 1133 1611 1131 1611 1463 1612 1131 1612 1464 1612 1464 1613 1131 1613 1130 1613 1464 1614 1130 1614 1465 1614 1465 1615 1130 1615 1128 1615 1465 1616 1128 1616 1466 1616 1466 1617 1128 1617 1126 1617 1466 1618 1126 1618 1467 1618 1467 1619 1126 1619 1124 1619 1467 1620 1124 1620 1468 1620 1468 1621 1124 1621 1123 1621 1468 1622 1123 1622 1469 1622 1469 1623 1123 1623 1121 1623 1469 1624 1121 1624 1470 1624 1470 1625 1121 1625 1119 1625 1470 1626 1119 1626 1471 1626 1471 1627 1119 1627 1118 1627 1471 1628 1118 1628 1472 1628 1472 1628 1118 1628 1116 1628 1472 1629 1116 1629 1473 1629 1473 1630 1116 1630 1114 1630 1473 1631 1114 1631 1474 1631 1474 1632 1114 1632 1113 1632 1474 1633 1113 1633 1475 1633 1475 1634 1113 1634 1111 1634 1475 1635 1111 1635 1476 1635 1476 1635 1111 1635 1109 1635 1476 1636 1109 1636 1477 1636 1477 1637 1109 1637 801 1637 1477 1638 801 1638 1478 1638 1478 1639 801 1639 800 1639 1478 1640 800 1640 1479 1640 1479 1641 800 1641 798 1641 1479 1642 798 1642 1480 1642 1480 1642 798 1642 796 1642 1480 1643 796 1643 1481 1643 1481 1643 796 1643 802 1643 1481 1644 802 1644 1482 1644 1482 1645 802 1645 804 1645 1482 1646 804 1646 1483 1646 1483 1647 804 1647 806 1647 1483 1648 806 1648 1484 1648 1484 1649 806 1649 808 1649 1484 1650 808 1650 1485 1650 1485 1651 808 1651 1079 1651 1486 752 1213 752 1487 752 1487 752 1213 752 1214 752 1487 752 1214 752 1215 752 1213 752 1486 752 1264 752 1264 752 1486 752 1488 752 1264 752 1488 752 1263 752 1263 752 1488 752 1489 752 1263 752 1489 752 1262 752 1262 752 1489 752 1261 752 1261 1652 1489 1652 1490 1652 1261 752 1490 752 1260 752 1260 1653 1490 1653 1491 1653 1260 1654 1491 1654 1259 1654 1259 1655 1491 1655 1492 1655 1259 752 1492 752 1258 752 1258 752 1492 752 1493 752 1258 752 1493 752 1257 752 1257 752 1493 752 1256 752 1256 1573 1493 1573 1494 1573 1256 1656 1494 1656 1255 1656 1255 1657 1494 1657 1495 1657 1255 752 1495 752 1254 752 1254 1570 1495 1570 1496 1570 1254 752 1496 752 1253 752 1253 752 1496 752 1252 752 1252 1569 1496 1569 1497 1569 1252 752 1497 752 1251 752 1251 1658 1497 1658 1498 1658 1251 1659 1498 1659 1250 1659 1250 1566 1498 1566 1499 1566 1250 752 1499 752 1249 752 1249 752 1499 752 1248 752 1248 752 1499 752 1500 752 1248 752 1500 752 1247 752 1247 1660 1500 1660 1501 1660 1247 1661 1501 1661 1246 1661 1246 1662 1501 1662 1502 1662 1246 752 1502 752 1245 752 1245 1663 1502 1663 1503 1663 1245 752 1503 752 1244 752 1244 752 1503 752 1243 752 1243 752 1503 752 1504 752 1243 1664 1504 1664 1242 1664 1242 752 1504 752 1505 752 1242 1559 1505 1559 1241 1559 1241 1665 1505 1665 1506 1665 1241 752 1506 752 1240 752 1240 752 1506 752 1239 752 1239 1666 1506 1666 1507 1666 1239 752 1507 752 1238 752 1238 752 1507 752 1508 752 1238 752 1508 752 1237 752 1237 752 1508 752 1509 752 1237 752 1509 752 1236 752 1236 752 1509 752 1235 752 1235 1667 1509 1667 1510 1667 1235 752 1510 752 1234 752 1234 1668 1510 1668 1511 1668 1234 1661 1511 1661 1233 1661 1233 1555 1511 1555 1512 1555 1233 752 1512 752 1232 752 1232 752 1512 752 1513 752 1232 752 1513 752 1231 752 1231 1669 1513 1669 1230 1669 1230 1670 1513 1670 1514 1670 1230 752 1514 752 1229 752 1229 1671 1514 1671 1515 1671 1229 752 1515 752 1228 752 1228 1672 1515 1672 1516 1672 1228 752 1516 752 1227 752 1227 752 1516 752 1226 752 1226 1673 1516 1673 1517 1673 1226 752 1517 752 1225 752 1225 1674 1517 1674 1518 1674 1225 752 1518 752 1224 752 1224 1675 1518 1675 1519 1675 1224 1676 1519 1676 1223 1676 1223 752 1519 752 1222 752 1222 752 1519 752 1520 752 1222 752 1520 752 1221 752 1221 1677 1520 1677 1521 1677 1221 1678 1521 1678 1220 1678 1220 1679 1521 1679 1522 1679 1220 752 1522 752 1219 752 1219 1680 1522 1680 1523 1680 1219 752 1523 752 1218 752 1218 752 1523 752 1217 752 1217 752 1523 752 1524 752 1217 1681 1524 1681 1216 1681 1216 752 1524 752 1525 752 1216 1682 1525 1682 1215 1682 1215 1683 1525 1683 1487 1683 1525 1580 1004 1580 1487 1580 1487 1581 1004 1581 1006 1581 1487 1582 1006 1582 1486 1582 1486 1583 1006 1583 1008 1583 1486 1684 1008 1684 1488 1684 1488 1685 1008 1685 1009 1685 1488 1586 1009 1586 1489 1586 1489 1587 1009 1587 1011 1587 1489 1686 1011 1686 1490 1686 1490 1687 1011 1687 1013 1687 1490 1590 1013 1590 1491 1590 1491 1591 1013 1591 1077 1591 1491 1688 1077 1688 1492 1688 1492 1688 1077 1688 1075 1688 1492 1689 1075 1689 1493 1689 1493 1689 1075 1689 1073 1689 1493 1690 1073 1690 1494 1690 1494 1691 1073 1691 1072 1691 1494 1596 1072 1596 1495 1596 1495 1597 1072 1597 1070 1597 1495 1692 1070 1692 1496 1692 1496 1693 1070 1693 1068 1693 1496 1694 1068 1694 1497 1694 1497 1694 1068 1694 1066 1694 1497 1601 1066 1601 1498 1601 1498 1602 1066 1602 1065 1602 1498 1695 1065 1695 1499 1695 1499 1696 1065 1696 1063 1696 1499 1697 1063 1697 1500 1697 1500 1698 1063 1698 1061 1698 1500 1699 1061 1699 1501 1699 1501 1699 1061 1699 1060 1699 1501 1608 1060 1608 1502 1608 1502 1609 1060 1609 1058 1609 1502 1700 1058 1700 1503 1700 1503 1701 1058 1701 1056 1701 1503 1612 1056 1612 1504 1612 1504 1613 1056 1613 1055 1613 1504 1702 1055 1702 1505 1702 1505 1703 1055 1703 1053 1703 1505 1616 1053 1616 1506 1616 1506 1617 1053 1617 1051 1617 1506 1618 1051 1618 1507 1618 1507 1619 1051 1619 1049 1619 1507 1704 1049 1704 1508 1704 1508 1705 1049 1705 1048 1705 1508 1622 1048 1622 1509 1622 1509 1623 1048 1623 1046 1623 1509 1706 1046 1706 1510 1706 1510 1707 1046 1707 1044 1707 1510 1626 1044 1626 1511 1626 1511 1627 1044 1627 1041 1627 1511 1708 1041 1708 1512 1708 1512 1708 1041 1708 1038 1708 1512 1709 1038 1709 1513 1709 1513 1710 1038 1710 1036 1710 1513 1711 1036 1711 1514 1711 1514 1712 1036 1712 1034 1712 1514 1633 1034 1633 1515 1633 1515 1634 1034 1634 1032 1634 1515 1713 1032 1713 1516 1713 1516 1713 1032 1713 1031 1713 1516 1714 1031 1714 1517 1714 1517 1715 1031 1715 1029 1715 1517 1638 1029 1638 1518 1638 1518 1639 1029 1639 1027 1639 1518 1716 1027 1716 1519 1716 1519 1717 1027 1717 1025 1717 1519 1718 1025 1718 1520 1718 1520 1718 1025 1718 1024 1718 1520 1719 1024 1719 1521 1719 1521 1719 1024 1719 1022 1719 1521 1644 1022 1644 1522 1644 1522 1645 1022 1645 1020 1645 1522 1720 1020 1720 1523 1720 1523 1721 1020 1721 1019 1721 1523 1648 1019 1648 1524 1648 1524 1649 1019 1649 1017 1649 1524 1722 1017 1722 1525 1722 1525 1723 1017 1723 1004 1723 1526 752 1161 752 1527 752 1527 752 1161 752 1162 752 1527 752 1162 752 1163 752 1161 752 1526 752 1212 752 1212 752 1526 752 1528 752 1212 752 1528 752 1211 752 1211 752 1528 752 1529 752 1211 752 1529 752 1210 752 1210 752 1529 752 1209 752 1209 1724 1529 1724 1530 1724 1209 752 1530 752 1208 752 1208 1725 1530 1725 1531 1725 1208 752 1531 752 1207 752 1207 1677 1531 1677 1532 1677 1207 752 1532 752 1206 752 1206 1726 1532 1726 1533 1726 1206 1727 1533 1727 1205 1727 1205 752 1533 752 1204 752 1204 1728 1533 1728 1534 1728 1204 1729 1534 1729 1203 1729 1203 1547 1534 1547 1535 1547 1203 752 1535 752 1202 752 1202 1730 1535 1730 1536 1730 1202 1731 1536 1731 1201 1731 1201 1732 1536 1732 1200 1732 1200 1733 1536 1733 1537 1733 1200 752 1537 752 1199 752 1199 1734 1537 1734 1538 1734 1199 752 1538 752 1198 752 1198 1735 1538 1735 1539 1735 1198 752 1539 752 1197 752 1197 752 1539 752 1196 752 1196 1736 1539 1736 1540 1736 1196 752 1540 752 1195 752 1195 1737 1540 1737 1541 1737 1195 752 1541 752 1194 752 1194 1738 1541 1738 1542 1738 1194 752 1542 752 1193 752 1193 1739 1542 1739 1543 1739 1193 752 1543 752 1192 752 1192 752 1543 752 1191 752 1191 752 1543 752 1544 752 1191 1558 1544 1558 1190 1558 1190 752 1544 752 1545 752 1190 1559 1545 1559 1189 1559 1189 1740 1545 1740 1546 1740 1189 752 1546 752 1188 752 1188 752 1546 752 1187 752 1187 1741 1546 1741 1547 1741 1187 752 1547 752 1186 752 1186 752 1547 752 1548 752 1186 752 1548 752 1185 752 1185 752 1548 752 1549 752 1185 752 1549 752 1184 752 1184 752 1549 752 1183 752 1183 1742 1549 1742 1550 1742 1183 752 1550 752 1182 752 1182 1738 1550 1738 1551 1738 1182 752 1551 752 1181 752 1181 1564 1551 1564 1552 1564 1181 752 1552 752 1180 752 1180 752 1552 752 1553 752 1180 1565 1553 1565 1179 1565 1179 752 1553 752 1178 752 1178 1566 1553 1566 1554 1566 1178 1743 1554 1743 1177 1743 1177 1568 1554 1568 1555 1568 1177 752 1555 752 1176 752 1176 1744 1555 1744 1556 1744 1176 752 1556 752 1175 752 1175 752 1556 752 1174 752 1174 1745 1556 1745 1557 1745 1174 752 1557 752 1173 752 1173 1746 1557 1746 1558 1746 1173 1747 1558 1747 1172 1747 1172 1748 1558 1748 1559 1748 1172 752 1559 752 1171 752 1171 752 1559 752 1170 752 1170 752 1559 752 1560 752 1170 752 1560 752 1169 752 1169 1574 1560 1574 1561 1574 1169 752 1561 752 1168 752 1168 1749 1561 1749 1562 1749 1168 752 1562 752 1167 752 1167 1750 1562 1750 1563 1750 1167 752 1563 752 1166 752 1166 752 1563 752 1165 752 1165 752 1563 752 1564 752 1165 1751 1564 1751 1164 1751 1164 752 1564 752 1565 752 1164 1682 1565 1682 1163 1682 1163 1752 1565 1752 1527 1752 1565 1753 955 1753 1527 1753 1527 1580 955 1580 957 1580 1527 1583 957 1583 1526 1583 1526 1754 957 1754 921 1754 1526 1755 921 1755 1528 1755 1528 1585 921 1585 920 1585 1528 1586 920 1586 1529 1586 1529 1586 920 1586 918 1586 1529 1756 918 1756 1530 1756 1530 1589 918 1589 916 1589 1530 1757 916 1757 1531 1757 1531 1757 916 1757 913 1757 1531 1592 913 1592 1532 1592 1532 1592 913 1592 911 1592 1532 1758 911 1758 1533 1758 1533 1759 911 1759 1003 1759 1533 1594 1003 1594 1534 1594 1534 1595 1003 1595 1001 1595 1534 1596 1001 1596 1535 1596 1535 1597 1001 1597 999 1597 1535 1599 999 1599 1536 1599 1536 1599 999 1599 997 1599 1536 1600 997 1600 1537 1600 1537 1600 997 1600 995 1600 1537 1601 995 1601 1538 1601 1538 1602 995 1602 994 1602 1538 1603 994 1603 1539 1603 1539 1604 994 1604 992 1604 1539 1605 992 1605 1540 1605 1540 1760 992 1760 990 1760 1540 1607 990 1607 1541 1607 1541 1607 990 1607 989 1607 1541 1609 989 1609 1542 1609 1542 1609 989 1609 987 1609 1542 1761 987 1761 1543 1761 1543 1610 987 1610 985 1610 1543 1612 985 1612 1544 1612 1544 1612 985 1612 983 1612 1544 1762 983 1762 1545 1762 1545 1615 983 1615 982 1615 1545 1763 982 1763 1546 1763 1546 1763 982 1763 980 1763 1546 1764 980 1764 1547 1764 1547 1764 980 1764 832 1764 1547 1620 832 1620 1548 1620 1548 1765 832 1765 831 1765 1548 1623 831 1623 1549 1623 1549 1623 831 1623 834 1623 1549 1625 834 1625 1550 1625 1550 1766 834 1766 836 1766 1550 1626 836 1626 1551 1626 1551 1626 836 1626 838 1626 1551 1628 838 1628 1552 1628 1552 1628 838 1628 840 1628 1552 1767 840 1767 1553 1767 1553 1630 840 1630 978 1630 1553 1631 978 1631 1554 1631 1554 1632 978 1632 977 1632 1554 1633 977 1633 1555 1633 1555 1634 977 1634 975 1634 1555 1635 975 1635 1556 1635 1556 1635 975 1635 973 1635 1556 1636 973 1636 1557 1636 1557 1636 973 1636 971 1636 1557 1638 971 1638 1558 1638 1558 1639 971 1639 970 1639 1558 1640 970 1640 1559 1640 1559 1641 970 1641 968 1641 1559 1768 968 1768 1560 1768 1560 1769 968 1769 966 1769 1560 1643 966 1643 1561 1643 1561 1643 966 1643 965 1643 1561 1770 965 1770 1562 1770 1562 1770 965 1770 963 1770 1562 1646 963 1646 1563 1646 1563 1771 963 1771 961 1771 1563 1649 961 1649 1564 1649 1564 1649 961 1649 960 1649 1564 1650 960 1650 1565 1650 1565 1772 960 1772 955 1772 1566 752 1394 752 1567 752 1567 752 1394 752 1395 752 1567 752 1395 752 1396 752 1394 752 1566 752 1445 752 1445 752 1566 752 1568 752 1445 752 1568 752 1444 752 1444 752 1568 752 1569 752 1444 752 1569 752 1443 752 1443 752 1569 752 1442 752 1442 1773 1569 1773 1570 1773 1442 752 1570 752 1441 752 1441 1774 1570 1774 1571 1774 1441 1775 1571 1775 1440 1775 1440 1655 1571 1655 1572 1655 1440 752 1572 752 1439 752 1439 752 1572 752 1573 752 1439 752 1573 752 1438 752 1438 752 1573 752 1437 752 1437 1573 1573 1573 1574 1573 1437 1546 1574 1546 1436 1546 1436 1776 1574 1776 1575 1776 1436 752 1575 752 1435 752 1435 1745 1575 1745 1576 1745 1435 752 1576 752 1434 752 1434 752 1576 752 1433 752 1433 1744 1576 1744 1577 1744 1433 752 1577 752 1432 752 1432 1658 1577 1658 1578 1658 1432 1777 1578 1777 1431 1777 1431 1778 1578 1778 1579 1778 1431 752 1579 752 1430 752 1430 752 1579 752 1429 752 1429 752 1579 752 1580 752 1429 752 1580 752 1428 752 1428 1660 1580 1660 1581 1660 1428 1661 1581 1661 1427 1661 1427 1779 1581 1779 1582 1779 1427 752 1582 752 1426 752 1426 1780 1582 1780 1583 1780 1426 752 1583 752 1425 752 1425 752 1583 752 1424 752 1424 752 1583 752 1584 752 1424 1664 1584 1664 1423 1664 1423 752 1584 752 1585 752 1423 1559 1585 1559 1422 1559 1422 1781 1585 1781 1586 1781 1422 752 1586 752 1421 752 1421 752 1586 752 1420 752 1420 1782 1586 1782 1587 1782 1420 752 1587 752 1419 752 1419 752 1587 752 1588 752 1419 752 1588 752 1418 752 1418 752 1588 752 1589 752 1418 752 1589 752 1417 752 1417 752 1589 752 1416 752 1416 1783 1589 1783 1590 1783 1416 752 1590 752 1415 752 1415 1779 1590 1779 1591 1779 1415 1661 1591 1661 1414 1661 1414 1555 1591 1555 1592 1555 1414 752 1592 752 1413 752 1413 752 1592 752 1593 752 1413 752 1593 752 1412 752 1412 1784 1593 1784 1411 1784 1411 1785 1593 1785 1594 1785 1411 752 1594 752 1410 752 1410 1671 1594 1671 1595 1671 1410 752 1595 752 1409 752 1409 1786 1595 1786 1596 1786 1409 752 1596 752 1408 752 1408 752 1596 752 1407 752 1407 1787 1596 1787 1597 1787 1407 752 1597 752 1406 752 1406 1746 1597 1746 1598 1746 1406 752 1598 752 1405 752 1405 1566 1598 1566 1599 1566 1405 1788 1599 1788 1404 1788 1404 752 1599 752 1403 752 1403 752 1599 752 1600 752 1403 752 1600 752 1402 752 1402 1789 1600 1789 1601 1789 1402 1775 1601 1775 1401 1775 1401 1774 1601 1774 1602 1774 1401 752 1602 752 1400 752 1400 1790 1602 1790 1603 1790 1400 752 1603 752 1399 752 1399 752 1603 752 1398 752 1398 752 1603 752 1604 752 1398 1577 1604 1577 1397 1577 1397 752 1604 752 1605 752 1397 1682 1605 1682 1396 1682 1396 1791 1605 1791 1567 1791 1605 1753 855 1753 1567 1753 1567 1580 855 1580 857 1580 1567 1583 857 1583 1566 1583 1566 1754 857 1754 859 1754 1566 1792 859 1792 1568 1792 1568 1685 859 1685 861 1685 1568 1586 861 1586 1569 1586 1569 1586 861 1586 862 1586 1569 1793 862 1793 1570 1793 1570 1687 862 1687 864 1687 1570 1757 864 1757 1571 1757 1571 1757 864 1757 866 1757 1571 1688 866 1688 1572 1688 1572 1688 866 1688 867 1688 1572 1794 867 1794 1573 1794 1573 1795 867 1795 869 1795 1573 1690 869 1690 1574 1690 1574 1691 869 1691 871 1691 1574 1596 871 1596 1575 1596 1575 1597 871 1597 872 1597 1575 1693 872 1693 1576 1693 1576 1693 872 1693 874 1693 1576 1694 874 1694 1577 1694 1577 1694 874 1694 876 1694 1577 1601 876 1601 1578 1601 1578 1602 876 1602 878 1602 1578 1695 878 1695 1579 1695 1579 1696 878 1696 879 1696 1579 1697 879 1697 1580 1697 1580 1796 879 1796 881 1796 1580 1699 881 1699 1581 1699 1581 1699 881 1699 883 1699 1581 1609 883 1609 1582 1609 1582 1609 883 1609 953 1609 1582 1797 953 1797 1583 1797 1583 1700 953 1700 951 1700 1583 1612 951 1612 1584 1612 1584 1612 951 1612 949 1612 1584 1798 949 1798 1585 1798 1585 1703 949 1703 947 1703 1585 1763 947 1763 1586 1763 1586 1763 947 1763 945 1763 1586 1764 945 1764 1587 1764 1587 1764 945 1764 944 1764 1587 1704 944 1704 1588 1704 1588 1799 944 1799 942 1799 1588 1623 942 1623 1589 1623 1589 1623 942 1623 940 1623 1589 1707 940 1707 1590 1707 1590 1800 940 1800 938 1800 1590 1626 938 1626 1591 1626 1591 1626 938 1626 937 1626 1591 1708 937 1708 1592 1708 1592 1708 937 1708 935 1708 1592 1801 935 1801 1593 1801 1593 1710 935 1710 933 1710 1593 1711 933 1711 1594 1711 1594 1712 933 1712 932 1712 1594 1633 932 1633 1595 1633 1595 1634 932 1634 930 1634 1595 1713 930 1713 1596 1713 1596 1713 930 1713 928 1713 1596 1714 928 1714 1597 1714 1597 1714 928 1714 926 1714 1597 1638 926 1638 1598 1638 1598 1639 926 1639 924 1639 1598 1716 924 1716 1599 1716 1599 1717 924 1717 922 1717 1599 1802 922 1802 1600 1802 1600 1803 922 1803 895 1803 1600 1719 895 1719 1601 1719 1601 1719 895 1719 892 1719 1601 1770 892 1770 1602 1770 1602 1770 892 1770 890 1770 1602 1720 890 1720 1603 1720 1603 1804 890 1804 888 1804 1603 1649 888 1649 1604 1649 1604 1649 888 1649 887 1649 1604 1722 887 1722 1605 1722 1605 1805 887 1805 855 1805 1606 1806 1317 1806 1607 1806 1607 1807 1317 1807 1318 1807 1607 1808 1318 1808 1319 1808 1317 1809 1606 1809 1320 1809 1320 1810 1606 1810 1608 1810 1320 1811 1608 1811 1321 1811 1321 1812 1608 1812 1609 1812 1321 1813 1609 1813 1322 1813 1322 1814 1609 1814 1610 1814 1322 1815 1610 1815 1323 1815 1323 1816 1610 1816 1324 1816 1324 1817 1610 1817 1611 1817 1324 1818 1611 1818 1325 1818 1325 1819 1611 1819 1612 1819 1325 1820 1612 1820 1326 1820 1326 1821 1612 1821 1613 1821 1326 1822 1613 1822 1327 1822 1327 1823 1613 1823 1614 1823 1327 1824 1614 1824 1328 1824 1328 1825 1614 1825 1329 1825 1329 1826 1614 1826 1615 1826 1329 1827 1615 1827 1330 1827 1330 1828 1615 1828 1616 1828 1330 1829 1616 1829 1331 1829 1331 1830 1616 1830 1617 1830 1331 1831 1617 1831 1332 1831 1332 1832 1617 1832 1618 1832 1332 1833 1618 1833 1333 1833 1333 1834 1618 1834 1334 1834 1334 1835 1618 1835 1619 1835 1334 1836 1619 1836 1335 1836 1335 1837 1619 1837 1620 1837 1335 1838 1620 1838 1336 1838 1336 1839 1620 1839 1621 1839 1336 1840 1621 1840 1337 1840 1337 1841 1621 1841 1622 1841 1337 1842 1622 1842 1338 1842 1338 1843 1622 1843 1623 1843 1338 1844 1623 1844 1339 1844 1339 1845 1623 1845 1340 1845 1340 1846 1623 1846 1624 1846 1340 1847 1624 1847 1341 1847 1341 1848 1624 1848 1625 1848 1341 1849 1625 1849 1342 1849 1342 1850 1625 1850 1626 1850 1342 1851 1626 1851 1343 1851 1343 1852 1626 1852 1627 1852 1343 1853 1627 1853 1344 1853 1344 1854 1627 1854 1345 1854 1345 1855 1627 1855 1628 1855 1345 1856 1628 1856 1346 1856 1346 1857 1628 1857 1629 1857 1346 1858 1629 1858 1347 1858 1347 1859 1629 1859 1630 1859 1347 1860 1630 1860 1348 1860 1348 1861 1630 1861 1631 1861 1348 1862 1631 1862 1349 1862 1349 1863 1631 1863 1350 1863 1350 1864 1631 1864 1632 1864 1350 1865 1632 1865 1351 1865 1351 1866 1632 1866 1633 1866 1351 1867 1633 1867 1352 1867 1352 1868 1633 1868 1634 1868 1352 1869 1634 1869 1353 1869 1353 1870 1634 1870 1635 1870 1353 1871 1635 1871 1354 1871 1354 1872 1635 1872 1355 1872 1355 1873 1635 1873 1636 1873 1355 1874 1636 1874 1356 1874 1356 1875 1636 1875 1637 1875 1356 1876 1637 1876 1357 1876 1357 1877 1637 1877 1638 1877 1357 1878 1638 1878 1358 1878 1358 1879 1638 1879 1639 1879 1358 1880 1639 1880 1359 1880 1359 1881 1639 1881 1360 1881 1360 1882 1639 1882 1640 1882 1360 1883 1640 1883 1361 1883 1361 1884 1640 1884 1641 1884 1361 1885 1641 1885 1362 1885 1362 1886 1641 1886 1642 1886 1362 1887 1642 1887 1363 1887 1363 1888 1642 1888 1643 1888 1363 1889 1643 1889 1364 1889 1364 1890 1643 1890 1365 1890 1365 1891 1643 1891 1644 1891 1365 1892 1644 1892 1366 1892 1366 1893 1644 1893 1645 1893 1366 1894 1645 1894 1367 1894 1367 1895 1645 1895 1646 1895 1367 1896 1646 1896 1368 1896 1368 1897 1646 1897 1647 1897 1368 1898 1647 1898 1369 1898 1369 1899 1647 1899 1370 1899 1370 1900 1647 1900 1648 1900 1370 1901 1648 1901 1371 1901 1371 1902 1648 1902 1649 1902 1371 1903 1649 1903 1372 1903 1372 1904 1649 1904 1650 1904 1372 1905 1650 1905 1373 1905 1373 1906 1650 1906 1651 1906 1373 1907 1651 1907 1374 1907 1374 1908 1651 1908 1375 1908 1375 1909 1651 1909 1652 1909 1375 1910 1652 1910 1376 1910 1376 1911 1652 1911 1653 1911 1376 1912 1653 1912 1377 1912 1377 1913 1653 1913 1654 1913 1377 1914 1654 1914 1378 1914 1378 1915 1654 1915 1655 1915 1378 1916 1655 1916 1379 1916 1379 1917 1655 1917 1656 1917 1379 1918 1656 1918 1380 1918 1380 1919 1656 1919 1381 1919 1381 1920 1656 1920 1657 1920 1381 1921 1657 1921 1382 1921 1382 1922 1657 1922 1658 1922 1382 1923 1658 1923 1383 1923 1383 1924 1658 1924 1659 1924 1383 1925 1659 1925 1384 1925 1384 1926 1659 1926 1660 1926 1384 1927 1660 1927 1385 1927 1385 1928 1660 1928 1386 1928 1386 1929 1660 1929 1661 1929 1386 1930 1661 1930 1387 1930 1387 1931 1661 1931 1662 1931 1387 1932 1662 1932 1388 1932 1388 1933 1662 1933 1663 1933 1388 1934 1663 1934 1389 1934 1389 1935 1663 1935 1664 1935 1389 1936 1664 1936 1390 1936 1390 1937 1664 1937 1391 1937 1391 1938 1664 1938 1665 1938 1391 1939 1665 1939 1392 1939 1392 1940 1665 1940 1666 1940 1392 1941 1666 1941 1393 1941 1393 1942 1666 1942 1667 1942 1393 1943 1667 1943 1319 1943 1319 1944 1667 1944 1607 1944 778 1945 1668 1945 779 1945 779 1946 1668 1946 1669 1946 779 1947 1669 1947 781 1947 781 1948 1669 1948 1670 1948 781 1949 1670 1949 783 1949 783 1949 1670 1949 1671 1949 783 1950 1671 1950 785 1950 785 1951 1671 1951 1672 1951 785 1952 1672 1952 786 1952 786 1952 1672 1952 1673 1952 786 1953 1673 1953 788 1953 788 1954 1673 1954 1674 1954 788 1955 1674 1955 790 1955 790 1955 1674 1955 1675 1955 790 1956 1675 1956 792 1956 792 1957 1675 1957 1676 1957 792 1958 1676 1958 794 1958 794 1958 1676 1958 1677 1958 794 1959 1677 1959 803 1959 803 1959 1677 1959 1678 1959 803 1960 1678 1960 805 1960 805 1960 1678 1960 1679 1960 805 1961 1679 1961 807 1961 807 1962 1679 1962 1680 1962 807 1963 1680 1963 811 1963 811 1963 1680 1963 1681 1963 811 1964 1681 1964 813 1964 813 1965 1681 1965 1682 1965 813 1966 1682 1966 815 1966 815 1966 1682 1966 1683 1966 815 1967 1683 1967 816 1967 816 1968 1683 1968 1684 1968 816 1969 1684 1969 818 1969 818 1969 1684 1969 1685 1969 818 1970 1685 1970 820 1970 820 1971 1685 1971 1686 1971 820 1972 1686 1972 822 1972 822 1973 1686 1973 1687 1973 822 1974 1687 1974 823 1974 823 1975 1687 1975 1688 1975 823 1976 1688 1976 825 1976 825 1976 1688 1976 1689 1976 825 1977 1689 1977 827 1977 827 1977 1689 1977 1690 1977 827 1978 1690 1978 829 1978 829 1979 1690 1979 1691 1979 829 1980 1691 1980 833 1980 833 1980 1691 1980 1692 1980 833 1981 1692 1981 835 1981 835 1982 1692 1982 1693 1982 835 1983 1693 1983 837 1983 837 1984 1693 1984 1694 1984 837 680 1694 680 839 680 839 680 1694 680 1695 680 839 1985 1695 1985 844 1985 844 1986 1695 1986 1696 1986 844 1987 1696 1987 846 1987 846 1988 1696 1988 1697 1988 846 1989 1697 1989 848 1989 848 1989 1697 1989 1698 1989 848 1990 1698 1990 850 1990 850 1991 1698 1991 1699 1991 850 1992 1699 1992 852 1992 852 1992 1699 1992 1700 1992 852 1993 1700 1993 853 1993 853 1993 1700 1993 1701 1993 853 1994 1701 1994 778 1994 778 1995 1701 1995 1668 1995 1668 1996 1702 1996 1669 1996 1700 1997 1702 1997 1701 1997 1698 1998 1702 1998 1699 1998 1696 1999 1702 1999 1697 1999 1694 2000 1702 2000 1695 2000 1692 2001 1702 2001 1693 2001 1690 2002 1702 2002 1691 2002 1688 2003 1702 2003 1689 2003 1686 2004 1702 2004 1687 2004 1684 2005 1702 2005 1685 2005 1682 2006 1702 2006 1683 2006 1680 2007 1702 2007 1681 2007 1678 2008 1702 2008 1679 2008 1676 2009 1702 2009 1677 2009 1674 2010 1702 2010 1675 2010 1673 2011 1702 2011 1674 2011 1671 2012 1702 2012 1672 2012 1669 2013 1702 2013 1670 2013 1685 2014 1702 2014 1686 2014 1687 2015 1702 2015 1688 2015 1689 2016 1702 2016 1690 2016 1691 2017 1702 2017 1692 2017 1693 2018 1702 2018 1694 2018 1695 2019 1702 2019 1696 2019 1699 2020 1702 2020 1700 2020 1701 2021 1702 2021 1668 2021 1670 2022 1702 2022 1671 2022 1672 2023 1702 2023 1673 2023 1675 2024 1702 2024 1676 2024 1677 2025 1702 2025 1678 2025 1679 2026 1702 2026 1680 2026 1681 2027 1702 2027 1682 2027 1683 2028 1702 2028 1684 2028 1697 2029 1702 2029 1698 2029 175 2030 1703 2030 173 2030 173 2031 1703 2031 1704 2031 173 2032 1704 2032 171 2032 171 2033 1704 2033 1705 2033 171 2034 1705 2034 206 2034 206 2035 1705 2035 1706 2035 206 2036 1706 2036 208 2036 208 2037 1706 2037 1707 2037 208 2038 1707 2038 210 2038 210 2039 1707 2039 1708 2039 210 2040 1708 2040 212 2040 212 2041 1708 2041 1709 2041 212 2042 1709 2042 214 2042 214 2043 1709 2043 1710 2043 214 2044 1710 2044 216 2044 216 2044 1710 2044 1711 2044 216 2045 1711 2045 218 2045 218 2045 1711 2045 1712 2045 218 2046 1712 2046 220 2046 220 2047 1712 2047 1713 2047 220 2048 1713 2048 222 2048 222 2049 1713 2049 1714 2049 222 2050 1714 2050 224 2050 224 2051 1714 2051 1715 2051 224 2052 1715 2052 226 2052 226 2053 1715 2053 1716 2053 226 2054 1716 2054 228 2054 228 2055 1716 2055 1717 2055 228 2056 1717 2056 230 2056 230 2057 1717 2057 1718 2057 230 2058 1718 2058 232 2058 232 2059 1718 2059 1719 2059 232 2060 1719 2060 231 2060 231 2060 1719 2060 1720 2060 231 2061 1720 2061 229 2061 229 2062 1720 2062 1721 2062 229 2063 1721 2063 227 2063 227 2064 1721 2064 1722 2064 227 2065 1722 2065 225 2065 225 2066 1722 2066 1723 2066 225 2067 1723 2067 223 2067 223 2068 1723 2068 1724 2068 223 2069 1724 2069 221 2069 221 2070 1724 2070 1725 2070 221 2071 1725 2071 219 2071 219 2072 1725 2072 1726 2072 219 2073 1726 2073 217 2073 217 2074 1726 2074 1727 2074 217 2075 1727 2075 215 2075 215 2076 1727 2076 1728 2076 215 2077 1728 2077 213 2077 213 2078 1728 2078 1729 2078 213 2079 1729 2079 211 2079 211 2080 1729 2080 1730 2080 211 2081 1730 2081 209 2081 209 2082 1730 2082 1731 2082 209 2083 1731 2083 207 2083 207 2084 1731 2084 1732 2084 207 2085 1732 2085 205 2085 205 2086 1732 2086 1733 2086 205 2087 1733 2087 172 2087 172 2088 1733 2088 1734 2088 172 2089 1734 2089 174 2089 174 2090 1734 2090 1735 2090 174 2091 1735 2091 176 2091 176 2092 1735 2092 1736 2092 176 2093 1736 2093 178 2093 178 2094 1736 2094 1737 2094 178 2095 1737 2095 180 2095 180 2096 1737 2096 1738 2096 180 2097 1738 2097 182 2097 182 2098 1738 2098 1739 2098 182 2099 1739 2099 184 2099 184 2100 1739 2100 1740 2100 184 2101 1740 2101 186 2101 186 2102 1740 2102 1741 2102 186 2103 1741 2103 188 2103 188 2104 1741 2104 1742 2104 188 2105 1742 2105 190 2105 190 2106 1742 2106 1743 2106 190 2107 1743 2107 192 2107 192 2108 1743 2108 1744 2108 192 2109 1744 2109 194 2109 194 2110 1744 2110 1745 2110 194 2111 1745 2111 196 2111 196 2112 1745 2112 1746 2112 196 2113 1746 2113 198 2113 198 2114 1746 2114 1747 2114 198 2115 1747 2115 200 2115 200 2116 1747 2116 1748 2116 200 2117 1748 2117 202 2117 202 2118 1748 2118 1749 2118 202 2119 1749 2119 204 2119 204 2119 1749 2119 1750 2119 204 2120 1750 2120 203 2120 203 2120 1750 2120 1751 2120 203 2121 1751 2121 201 2121 201 2122 1751 2122 1752 2122 201 2123 1752 2123 199 2123 199 2124 1752 2124 1753 2124 199 2125 1753 2125 197 2125 197 2126 1753 2126 1754 2126 197 2127 1754 2127 195 2127 195 2127 1754 2127 1755 2127 195 2128 1755 2128 193 2128 193 2129 1755 2129 1756 2129 193 2130 1756 2130 191 2130 191 2131 1756 2131 1757 2131 191 2132 1757 2132 189 2132 189 2133 1757 2133 1758 2133 189 2134 1758 2134 187 2134 187 2135 1758 2135 1759 2135 187 2136 1759 2136 185 2136 185 2136 1759 2136 1760 2136 185 2137 1760 2137 183 2137 183 2137 1760 2137 1761 2137 183 2138 1761 2138 181 2138 181 2138 1761 2138 1762 2138 181 2139 1762 2139 179 2139 179 2140 1762 2140 1763 2140 179 2141 1763 2141 177 2141 177 2142 1763 2142 1764 2142 177 2143 1764 2143 175 2143 175 2143 1764 2143 1703 2143 1667 2144 1736 2144 1607 2144 1607 2145 1736 2145 1735 2145 1607 2146 1735 2146 1606 2146 1606 2147 1735 2147 1734 2147 1606 2148 1734 2148 1608 2148 1608 2149 1734 2149 1733 2149 1608 2150 1733 2150 1609 2150 1609 2151 1733 2151 1732 2151 1609 2152 1732 2152 1610 2152 1610 2153 1732 2153 1731 2153 1610 2154 1731 2154 1611 2154 1611 2155 1731 2155 1730 2155 1611 2156 1730 2156 1612 2156 1612 2157 1730 2157 1729 2157 1612 2158 1729 2158 1613 2158 1613 2159 1729 2159 1728 2159 1613 2160 1728 2160 1614 2160 1614 2161 1728 2161 1727 2161 1614 2162 1727 2162 1615 2162 1615 2163 1727 2163 1726 2163 1615 2164 1726 2164 1616 2164 1616 2165 1726 2165 1725 2165 1616 2166 1725 2166 1617 2166 1617 2167 1725 2167 1724 2167 1617 2168 1724 2168 1618 2168 1618 2169 1724 2169 1723 2169 1618 2170 1723 2170 1619 2170 1619 2171 1723 2171 1722 2171 1619 2172 1722 2172 1620 2172 1620 2173 1722 2173 1721 2173 1620 2174 1721 2174 1621 2174 1621 2175 1721 2175 1720 2175 1621 2176 1720 2176 1622 2176 1622 2177 1720 2177 1719 2177 1622 2178 1719 2178 1623 2178 1623 2179 1719 2179 1718 2179 1623 2180 1718 2180 1624 2180 1624 2181 1718 2181 1717 2181 1624 2182 1717 2182 1625 2182 1625 2183 1717 2183 1716 2183 1625 2184 1716 2184 1626 2184 1626 2185 1716 2185 1715 2185 1626 2186 1715 2186 1627 2186 1627 2187 1715 2187 1714 2187 1627 2188 1714 2188 1628 2188 1628 2189 1714 2189 1713 2189 1628 2190 1713 2190 1629 2190 1629 2191 1713 2191 1712 2191 1629 2192 1712 2192 1630 2192 1630 2193 1712 2193 1711 2193 1630 2194 1711 2194 1631 2194 1631 2195 1711 2195 1710 2195 1631 2196 1710 2196 1632 2196 1632 2197 1710 2197 1709 2197 1632 2198 1709 2198 1633 2198 1633 2199 1709 2199 1708 2199 1633 2200 1708 2200 1634 2200 1634 2201 1708 2201 1707 2201 1634 2202 1707 2202 1635 2202 1635 2203 1707 2203 1706 2203 1635 2204 1706 2204 1636 2204 1636 2205 1706 2205 1705 2205 1636 2206 1705 2206 1637 2206 1637 2207 1705 2207 1704 2207 1637 2208 1704 2208 1638 2208 1638 2209 1704 2209 1703 2209 1638 2210 1703 2210 1639 2210 1639 2211 1703 2211 1764 2211 1639 2212 1764 2212 1640 2212 1640 2213 1764 2213 1763 2213 1640 2214 1763 2214 1641 2214 1641 2215 1763 2215 1762 2215 1641 2216 1762 2216 1642 2216 1642 2217 1762 2217 1761 2217 1642 2218 1761 2218 1643 2218 1643 2219 1761 2219 1760 2219 1643 2220 1760 2220 1644 2220 1644 2221 1760 2221 1759 2221 1644 2222 1759 2222 1645 2222 1645 2223 1759 2223 1758 2223 1645 2224 1758 2224 1646 2224 1646 2224 1758 2224 1757 2224 1646 2225 1757 2225 1647 2225 1647 2226 1757 2226 1756 2226 1647 2227 1756 2227 1648 2227 1648 2228 1756 2228 1755 2228 1648 2229 1755 2229 1649 2229 1649 2229 1755 2229 1754 2229 1649 2230 1754 2230 1650 2230 1650 2231 1754 2231 1753 2231 1650 2232 1753 2232 1651 2232 1651 2233 1753 2233 1752 2233 1651 2234 1752 2234 1652 2234 1652 2235 1752 2235 1751 2235 1652 2236 1751 2236 1653 2236 1653 2237 1751 2237 1750 2237 1653 2238 1750 2238 1654 2238 1654 2239 1750 2239 1749 2239 1654 2240 1749 2240 1655 2240 1655 2241 1749 2241 1748 2241 1655 2242 1748 2242 1656 2242 1656 2243 1748 2243 1747 2243 1656 2244 1747 2244 1657 2244 1657 2245 1747 2245 1746 2245 1657 2246 1746 2246 1658 2246 1658 2247 1746 2247 1745 2247 1658 2248 1745 2248 1659 2248 1659 2249 1745 2249 1744 2249 1659 2250 1744 2250 1660 2250 1660 2251 1744 2251 1743 2251 1660 2252 1743 2252 1661 2252 1661 2253 1743 2253 1742 2253 1661 2254 1742 2254 1662 2254 1662 2255 1742 2255 1741 2255 1662 2256 1741 2256 1663 2256 1663 2257 1741 2257 1740 2257 1663 2258 1740 2258 1664 2258 1664 2259 1740 2259 1739 2259 1664 2260 1739 2260 1665 2260 1665 2261 1739 2261 1738 2261 1665 2262 1738 2262 1666 2262 1666 2263 1738 2263 1737 2263 1666 2264 1737 2264 1667 2264 1667 2265 1737 2265 1736 2265</p>
        </triangles>
      </mesh>
    </geometry>
  </library_geometries>
  <library_visual_scenes>
    <visual_scene id="Scene" name="Scene">
      <node id="apex_v3_1" name="apex_v3_1" type="NODE">
        <matrix sid="transform">0.001053367 0 0 -9.62525e-5 0 0.001053367 0 -6.77043e-4 0 0 0.001053367 -0.013582 0 0 0 1</matrix>
        <instance_geometry url="#apex_v3_1-mesh" name="apex_v3_1"/>
      </node>
      <node id="Camera" name="Camera" type="NODE">
        <matrix sid="transform">0.6859207 -0.3240135 0.6515582 7.358891 0.7276763 0.3054208 -0.6141704 -6.925791 0 0.8953956 0.4452714 4.958309 0 0 0 1</matrix>
        <instance_camera url="#Camera-camera"/>
      </node>
      <node id="Light" name="Light" type="NODE">
        <matrix sid="transform">-0.2908646 -0.7711008 0.5663932 4.076245 0.9551712 -0.1998834 0.2183912 1.005454 -0.05518906 0.6045247 0.7946723 5.903862 0 0 0 1</matrix>
        <instance_light url="#Light-light"/>
      </node>
    </visual_scene>
  </library_visual_scenes>
  <scene>
    <instance_visual_scene url="#Scene"/>
  </scene>
</COLLADA>